sdist,state,n_women,hygienic_rate,ctx_temp_hot3_mean,ctx_heat_days_12mo,ctx_Aridity_2015,ctx_v113,ctx_v116,ctx_v190,predicted_rate,raw_need_rank,adjusted_gap,adjusted_need_rank,underperforming,state_name,district_name
820,18,382,0.06749781753849304,28.272092307597298,56.92047344247491,70.34480249024138,21.697365550073876,25.400210464643507,1.6572092777227483,0.2314918871355347,1,-0.16399406959704166,128,True,assam,south salmara mancachar
462,23,453,0.0694220291424798,32.569258887047624,6.429363378213232,17.391189860508156,24.342934826018162,25.684930150245552,1.8864376089474582,0.27858018763676834,2,-0.20915815849428854,58,True,madhya pradesh,sidhi
317,18,415,0.07596568754269804,28.325510880485815,69.47320409926576,88.65927188351536,30.850362118853322,35.40502885904487,1.7837352112602654,0.24859061776190203,3,-0.172624930219204,107,True,assam,karimganj
204,10,473,0.07770502696498043,29.745151619212933,66.24593437696774,30.12906346953426,27.038748301155383,26.042600481411363,1.9739518398990952,0.2184050448024774,4,-0.14070001783749697,189,True,bihar,purba champaran
858,24,294,0.0837736547189275,32.626124126182305,38.692462633249384,13.61048301739816,23.88655524478803,27.366686886565347,2.302117227799019,0.3007063774105486,5,-0.21693272269162112,48,True,gujarat,mahisagar
170,9,435,0.0842333855031552,33.568120506841225,5.9893337241625835,14.377482037801837,21.902749366225116,26.035143629538222,1.9629896729909557,0.24740108766203256,6,-0.16316770215887735,129,True,uttar pradesh,banda
485,24,443,0.09076142565813014,31.903050133657747,41.41829485028085,14.65410492973814,22.435861371695008,26.1236077707038,1.7902267316722336,0.2733350473898565,7,-0.18257362173172634,94,True,gujarat,dohad
316,18,379,0.09753562200177048,28.265728658724804,56.35692308441252,79.2983707067428,37.11496440402329,33.71301525131392,1.8865671790511078,0.3018225384246182,8,-0.20428691642284774,61,True,assam,cachar
217,10,494,0.10294333188109668,30.135537557557857,66.0110906123153,27.41169995342716,24.203841177631162,21.86219962529885,2.262603039023265,0.26025324374490205,9,-0.15730991186380539,143,True,bihar,gopalganj
872,17,500,0.10407142693788833,23.319261604758392,58.99161787211769,105.91621361789223,31.99790392275232,15.299367808937724,2.15989285497435,0.4011479342403925,10,-0.2970765073025042,12,True,meghalaya,east jantia hills
155,9,511,0.10560204115839551,31.996913981958922,,15.155821309238261,22.847013637918305,26.08826694699861,1.9702339590504556,0.2048351924212191,11,-0.09923315126282357,300,True,uttar pradesh,hardoi
218,10,528,0.10618038469797221,30.565507371547575,65.14288612138348,24.44704996966618,24.954782852707062,26.1131024187505,2.306706476195234,0.24213590805309884,12,-0.13595552335512662,201,True,bihar,siwan
320,18,370,0.10629758999880373,28.149604111092255,57.22443609098236,70.19981477084669,24.528200621801673,29.043770618684313,1.8523422274649617,0.28285042724642806,13,-0.17655283724762433,101,True,assam,chirang
877,17,420,0.10911540682752571,22.27465203162167,49.94123116878226,101.94070100635501,30.657588089570503,16.546646513563637,2.0442351879148375,0.3590124320616359,14,-0.2498970252341102,25,True,meghalaya,west jaintia hills
261,13,273,0.10950366090453291,24.160281154519765,,60.85184002119406,22.007956077022754,16.832169130244704,1.642235337673642,0.455267309079193,15,-0.3457636481746601,3,True,nagaland,mon
182,9,500,0.11299214783204053,30.4201584862505,58.15368530735005,26.734265991384095,23.282524940711813,30.010695678315237,2.072619528180649,0.2003494702109281,16,-0.08735732237888758,358,True,uttar pradesh,balrampur
453,23,369,0.1137001567066222,30.20539995391138,9.241896033735403,21.554688024006065,27.912266968008062,25.578767974739943,1.5501278372277518,0.3148754453932863,17,-0.20117528868666412,65,True,madhya pradesh,dindori
922,9,470,0.11409989120619324,31.99193203388034,48.410305011167004,15.829914677084668,22.812130626177122,22.19719103717492,2.4976028788568216,0.24038748010617533,18,-0.1262875888999821,235,True,uttar pradesh,budaun
852,24,325,0.11417467855051112,32.25187964868112,46.05293724597609,14.662739614990757,21.744037640495865,22.59666921868845,2.2636184427884416,0.2594583636852524,19,-0.14528368513474127,176,True,gujarat,chhota udaipur
181,9,457,0.11615378903501579,30.775051688992317,53.60097081470033,25.574150246146306,23.134763784602246,26.883976728732943,1.928245877953534,0.20709727771203051,20,-0.09094348867701472,339,True,uttar pradesh,shrawasti
171,9,483,0.11776337531702886,33.40616805853271,6.0,14.07493613156226,22.572557319894315,27.465299606979492,2.0003075326378736,0.24085702634600567,21,-0.1230936510289768,238,True,uttar pradesh,chitrakoot
7,1,348,0.11818103135925866,28.2577314882032,40.43443802656341,34.114744685698604,17.080297601331328,16.894272346266746,3.7599837850989113,0.625538089098671,22,-0.5073570577394124,1,True,jammu & kashmir,kathua
878,17,442,0.1190042852038441,22.1996890667542,63.861347053736516,108.0490469477855,22.943947903360492,15.135405843198589,1.7569545402230013,0.3737901365292926,23,-0.2547858513254485,23,True,meghalaya,west khasi hills
172,9,482,0.11930770515150682,33.04035114338971,50.97034205634513,13.29855537119131,20.547702746710467,22.438642889908174,2.1042874354703476,0.2557673923806354,24,-0.13645968722912857,198,True,uttar pradesh,fatehpur
160,9,549,0.11983455638203593,32.891579095812894,39.94183523222132,13.472376648512132,22.687619849512227,23.83746486636436,2.4048554792426673,0.28542035059580284,25,-0.1655857942137669,125,True,uttar pradesh,kannauj
454,23,314,0.12053647274624382,31.696756414632265,9.824026389099103,25.27098420971818,23.165232234705147,21.85359833859594,2.019658242800944,0.3370458063426356,26,-0.21650933359639177,50,True,madhya pradesh,mandla
203,10,471,0.12115204490348074,29.752015166053305,68.97793103441187,36.06121307011125,27.347288565858577,27.378353007949404,1.9584838857004638,0.2136095528366473,27,-0.09245750793316655,331,True,bihar,pashchim champaran
209,10,474,0.12856154530530065,28.724910194561524,47.75866559819482,45.64590670428287,27.995812654524794,30.562944170177825,1.6331884011155533,0.2742887161993848,28,-0.14572717089408413,173,True,bihar,araria
180,9,468,0.12916889572486864,31.089035133911324,51.444784668324836,23.317451915759833,26.49919646108019,29.31622495642259,1.8792777110713634,0.21030450457572913,29,-0.08113560885086049,379,True,uttar pradesh,bahraich
826,22,411,0.12929351743833897,33.34080596824946,7.490163285318497,24.016062765988405,17.439662040306068,19.484465785202623,2.7288257629097887,0.36318326596280365,30,-0.23388974852446467,36,True,chhattisgarh,bemetara
201,9,551,0.1305165898465286,33.04951963278321,40.96821428622857,13.424335741089628,23.346910699824065,23.73702814219107,2.5113814961496983,0.2666693468791843,31,-0.1361527570326557,200,True,uttar pradesh,etah
431,23,425,0.13131526597768445,32.075533718370295,,19.344160607566614,25.87717883927209,24.088323491961773,2.025090777766634,0.2634913547666811,32,-0.13217608878899667,211,True,madhya pradesh,umaria
863,24,308,0.1356945907536148,32.85425390348476,43.100266390942494,7.0425930380526784,21.61026560685521,22.166769668725614,3.1384631454802503,0.2899060300938993,33,-0.1542114393402845,150,True,gujarat,surendranagar
200,9,451,0.13613271713478722,32.06942073744759,5.952779033312128,19.913985681442878,28.115299711936697,34.10187827925705,1.9073943581357844,0.3017182302719423,34,-0.16558551313715505,126,True,uttar pradesh,sonbhadra
167,9,569,0.13643193830653716,33.188124752769994,7.918927478162229,17.13545486375098,24.047755155144262,28.013490238636887,2.188602159402859,0.32953113375288384,35,-0.19309919544634668,76,True,uttar pradesh,lalitpur
464,23,340,0.13853068150448797,31.915621852650922,44.36452291286248,15.664650331924802,24.445474065583507,24.813951114963068,2.0101895841628727,0.2467196317916946,36,-0.10818895028720663,281,True,madhya pradesh,jhabua
221,10,416,0.1389471278259259,29.755342211643033,64.73462122874892,26.454375708113123,31.489340900396044,28.303795829711913,1.7737133569889678,0.280616324217528,37,-0.14166919639160214,184,True,bihar,samastipur
430,23,371,0.13907025669298453,32.551847421660334,,15.880726646037518,26.241525766048962,26.258396347829617,1.8015284365171262,0.2362262522331281,38,-0.09715599554014356,315,True,madhya pradesh,rewa
233,10,464,0.14560665625325833,32.70025443339576,54.119641065811784,20.215594654878608,24.453438268332423,24.825581740614552,2.262311075323639,0.27191954833357035,39,-0.12631289208031202,234,True,bihar,kaimur (bhabua)
812,18,354,0.14621318037897146,28.22943069426505,54.33604618503275,71.21552697654347,23.112967882955317,27.87116797523264,1.8450917591745482,0.28968413769231427,40,-0.1434709573133428,179,True,assam,dhubri
854,24,428,0.14889706554295137,29.77194939202188,37.95617981516339,11.696069796545547,16.871923259955672,19.97323935977373,3.380363404131215,0.3656886482923008,41,-0.21679158274934943,49,True,gujarat,gir somnath
302,18,424,0.14916347832451138,28.154701501279888,57.4245564284619,75.54075084949359,23.950529668719078,25.24981764798668,1.8702915051657623,0.28245286959943217,42,-0.1332893912749208,209,True,assam,goalpara
441,23,441,0.14953070326858736,32.57686096859083,45.31902475668306,13.09361862951561,21.120665578802125,21.48665558075561,2.263598148378666,0.33915159483835344,43,-0.18962089156976608,82,True,madhya pradesh,barwani
853,24,409,0.1500949309983988,30.260117898545673,45.97371367470419,9.599762239332472,15.1410649706737,18.063142043478514,3.3145045882137505,0.31825840428464064,44,-0.16816347328624184,115,True,gujarat,devbhumi dwarka
875,17,437,0.15128117704202682,23.52729171650503,63.8321416423318,117.58400006621774,24.432034597818905,14.792764928112422,1.9128071632115293,0.3064715225170285,45,-0.1551903454750017,147,True,meghalaya,south west khasi hills
303,18,418,0.15213113850834328,28.259194689085422,55.98916309994424,67.43170138838448,23.273149348894655,26.60370636921937,1.8788185591715625,0.2795538144786056,46,-0.12742267597026233,230,True,assam,barpeta
428,23,366,0.15346794611054454,33.04900209935311,,19.802630916437973,26.421946908802013,28.427612681253642,2.0817269195416257,0.26807359356298543,47,-0.1146056474524409,263,True,madhya pradesh,damoh
208,10,459,0.1537253297619238,28.75463883899989,58.56176185351328,37.775796470195885,28.613841361989913,29.242912856190433,1.4103937122652719,0.2509073685583789,48,-0.09718203879645512,314,True,bihar,supaul
478,24,343,0.15736140553427763,29.90795571761142,34.97884860709895,10.945067618029386,18.210870615796953,15.687787316003176,3.88254749044747,0.44719221032316175,49,-0.2898308047888841,15,True,gujarat,porbandar
186,9,520,0.1580800320566601,30.801619691140047,58.16240544508811,24.886953965565883,22.405202891964226,28.3217800388617,2.266925469180119,0.243828682528004,50,-0.08574865047134389,364,True,uttar pradesh,sant kabir nagar
214,10,410,0.15898711220617012,29.23693916754649,60.08637900568522,31.719788860793734,27.22841506984279,25.20078500679941,1.6826166947356342,0.26010018017904946,51,-0.10111306797287933,298,True,bihar,saharsa
168,9,555,0.15966542140569623,33.54869659510305,7.042908885702823,13.798127573821077,23.52026360283771,28.47233078702029,2.379372824777319,0.30823189574844395,52,-0.14856647434274772,165,True,uttar pradesh,hamirpur
450,23,293,0.16106879669713914,32.362046199805455,44.22745057059573,19.33702365731032,22.18457977006552,23.415619855633373,2.1385035370364376,0.29571303738540233,53,-0.1346442406882632,207,True,madhya pradesh,katni
928,9,555,0.16137371843094914,31.712433999531484,,15.676259498931696,22.924464339707644,21.062550668763084,2.920157431978749,0.25188240961994607,54,-0.09050869118899693,341,True,uttar pradesh,sambhal
465,23,381,0.16231927828872825,31.93442555933924,47.319271730266564,14.122641785259457,21.451200928579176,18.29756340361887,1.8818228728619517,0.25204942341611297,55,-0.08973014512738473,345,True,madhya pradesh,alirajpur
318,18,362,0.16246666719790084,28.18165436765998,73.00293329301094,82.77289041012857,34.78850213042038,37.13025634576353,1.7288179071498635,0.1777805729922718,56,-0.015313905794370947,545,True,assam,hailakandi
819,18,338,0.16292645137919073,28.468980966972726,58.06204654121367,52.62360664738453,26.053112966731458,29.098279577999477,2.048675265400895,0.38031026388350775,57,-0.21738381250431701,46,True,assam,sonitpur
195,9,538,0.16332707783717165,32.58015698221074,8.573418865339207,20.078718875260808,23.256118291529322,24.822541092550342,2.3840885612253024,0.30420476822381204,58,-0.1408776903866404,187,True,uttar pradesh,ghazipur
162,9,511,0.16408317370342526,33.11210828340689,10.584620444659945,13.16107598995547,26.490603983526338,31.994171946405142,2.3556258275966524,0.34469809078404273,59,-0.18061491708061747,97,True,uttar pradesh,auraiya
325,18,377,0.1643166303865789,28.45784381866781,48.10492894125613,58.184017332409915,23.479810799086987,29.843758304444396,1.8590259225137922,0.3160025079933292,60,-0.15168587760675029,158,True,assam,darrang
861,24,291,0.16490705047469265,31.93490125954273,37.42636631516278,8.379071239171783,21.80680960862435,17.197276397766302,4.179452490195428,0.4840628669334592,61,-0.31915581645876656,7,True,gujarat,rajkot
232,10,554,0.1649728348395358,32.73642819314473,57.56563988047683,20.55415412307078,24.253334313641496,23.356274054765017,2.5659155046033435,0.28329261731463246,62,-0.11831978247509667,251,True,bihar,buxar
1,1,405,0.1659482714626776,21.495697895059877,43.774780572732226,41.276927760251375,18.77979629833468,21.548675530245365,2.742975161722552,0.36390713107387856,63,-0.19795885961120097,72,True,jammu & kashmir,kupwara
273,14,227,0.16596596373890946,23.93255042491852,63.492011718381725,61.76385052896135,33.4902788760572,18.29958590559512,1.7912229532338482,0.39775113729125544,64,-0.23178517355234599,38,True,manipur,tamenglong
148,9,517,0.1660308393960252,33.29303370175718,,13.209040916234596,23.093689633612247,23.29661625535031,2.729799964304924,0.3099503281189331,65,-0.14391948872290788,177,True,uttar pradesh,mainpuri
151,9,424,0.1666297913456084,30.927173149634648,,23.875185937967505,22.51492866339358,17.669693512515188,2.7935840554649576,0.27913008407637646,66,-0.11250029273076806,268,True,uttar pradesh,pilibhit
459,23,297,0.16748321637018151,32.809011825892355,8.316843872550379,17.221030408605948,21.642573889873553,23.499617321335393,2.1787005403458344,0.30579690124057507,67,-0.13831368487039356,194,True,madhya pradesh,ashoknagar
426,23,394,0.16802085409679074,32.92778002380717,41.26793573820804,18.067789798924302,25.09149098614959,26.929162064716518,1.8529592565507387,0.25882319589656694,68,-0.0908023417997762,340,True,madhya pradesh,panna
397,21,366,0.16891258680470456,29.709099675571746,9.096626743493946,32.38120309833729,21.325537637406246,24.04462246590959,1.6007219340405117,0.35279465936005017,69,-0.1838820725553456,92,True,odisha,nabarangapur
183,9,560,0.17006801142796196,31.06220624758188,54.47877769574659,21.907672057627618,23.912859644167174,29.134543786624363,2.409229057332343,0.27525205011032805,70,-0.10518403868236609,288,True,uttar pradesh,gonda
211,10,412,0.172402617400884,28.99187800975613,46.99848107382394,42.72754134770375,26.611646254556852,27.66294302782563,1.6710618208867298,0.3080662432666512,71,-0.13566362586576722,206,True,bihar,purnia
152,9,503,0.17249724831469565,31.584512303033556,,18.472487391016383,24.807753561772124,21.796605715522258,2.7854363373078628,0.28372370655157303,72,-0.11122645823687738,274,True,uttar pradesh,shahjahanpur
17,1,413,0.1730544365684394,21.61675497578807,38.10166292842629,40.741247076483894,25.89987282463594,26.81854863305736,2.249569073687878,0.3358915438232624,73,-0.162837107254823,130,True,jammu & kashmir,ramban
411,22,388,0.17330994836404204,33.077262813123994,45.89304919974175,26.020815508114826,18.009715282205107,20.877982798909834,2.4667787481754844,0.40546499044011824,74,-0.2321550420760762,37,True,chhattisgarh,mahasamund
487,24,282,0.17348633391879123,31.835938236773842,48.349432819737,16.522344848849784,21.15692834459659,24.61891279281511,2.2931725576068556,0.29473420839465764,75,-0.12124787447586641,244,True,gujarat,narmada
822,22,310,0.17380154590136843,32.40959659932516,10.491839033045634,25.367266900313687,15.410539731303961,16.002271671039292,2.9063866682880115,0.4806397076818656,76,-0.30683816178049717,9,True,chhattisgarh,balod
324,18,357,0.1738785210956714,28.282138583499133,55.47608659246516,64.22416825708176,24.590221431561652,29.500997246526218,1.8088571900902086,0.3365161884721947,77,-0.16263766737652333,133,True,assam,baksa
205,10,357,0.17592779792568825,29.403729439474553,63.348423450284905,26.933400887533047,23.319685312983463,23.439489343776888,1.8677280940787417,0.22957065122268633,78,-0.05364285329699808,454,True,bihar,sheohar
206,10,437,0.17669327961479864,29.129681248560676,65.01299483380137,29.14546792862047,26.468124477226173,25.075985777529745,1.8483608320549256,0.24195401437339287,79,-0.06526073475859423,425,True,bihar,sitamarhi
300,18,314,0.1793906883675269,28.195139589462382,57.30641468905839,71.77117869632494,23.632320942143405,22.725237626502718,2.027601588075708,0.3481200038630965,80,-0.1687293154955696,113,True,assam,kokrajhar
237,10,556,0.18050709754193284,32.2261856853262,60.699555707833305,25.083532279442004,28.926124538667537,28.280080836556078,2.406316881334231,0.35575989582129053,81,-0.1752527982793577,103,True,bihar,nawada
362,20,323,0.18192021569469266,30.78585976272654,39.07855347476581,34.346805816615245,26.25135740428405,31.87590606097582,1.5864480077442986,0.3668941802030642,82,-0.18497396450837153,91,True,jharkhand,dumka
184,9,592,0.18229250240192374,30.2603589319319,59.669358021267726,29.4690935778153,24.551738773362878,30.416226043870413,2.370715452081397,0.22223140344716805,83,-0.03993890104524431,487,True,uttar pradesh,siddharthnagar
185,9,559,0.183214664604473,30.81514466987267,55.829125164339665,22.81112599193781,24.958754467541667,33.439475366674216,2.4895829994327334,0.2998302770430688,84,-0.1166156124385958,255,True,uttar pradesh,basti
156,9,457,0.18363968914412546,32.35554538694489,,13.52278888683968,23.958072532722035,24.104597925865033,2.313548906738051,0.26785764579681653,85,-0.08421795665269108,370,True,uttar pradesh,unnao
210,10,522,0.18464712951235604,28.650459073349126,39.48031147393259,55.46784983201199,22.850388574589168,23.50630616940417,1.666421704297951,0.3145958325632976,86,-0.12994870305094156,218,True,bihar,kishanganj
929,9,550,0.1853221217929502,31.134050232208345,,15.267106006114373,20.26161350761276,15.42634483133876,3.5424634704884626,0.3730641052651319,87,-0.18774198347218168,87,True,uttar pradesh,shamli
859,24,355,0.1856905420858212,31.945796334956217,51.177539057088126,6.717544304325562,29.27813149019003,18.126937237642743,3.8141840643223124,0.32929135267755344,88,-0.14360081059173224,178,True,gujarat,morbi
159,9,528,0.18643144193003242,32.652572528940084,46.823645255708186,14.200981188267495,24.2637998975696,22.557590585426404,2.859935743470152,0.2603840723943415,89,-0.07395263046430911,399,True,uttar pradesh,farrukhabad
125,8,444,0.18716681805739108,32.586325540650876,36.863239953084914,15.290784878227859,23.562368739112063,27.095159171168422,1.8771103545292807,0.2801065084494575,90,-0.09293969039206643,329,True,rajasthan,banswara
813,18,373,0.18817902897765387,28.72046214303646,58.62565343447228,60.49733369148411,21.169839311641383,26.275896489723795,2.1275873105635905,0.3551575571161686,91,-0.16697852813851471,119,True,assam,hojai
456,23,332,0.19091090192830562,31.67479490303267,9.866823437770329,25.39729347120054,24.067229997628978,23.372271660561857,1.9858086037813711,0.36017635368314255,92,-0.16926545175483693,112,True,madhya pradesh,seoni
13,1,345,0.1911141577396665,21.795701892292584,43.490233784812865,43.53692849853916,12.073676350728311,14.069672910498056,3.3149592841206856,0.40274606717687433,93,-0.21163190943720783,53,True,jammu & kashmir,shupiyan
394,21,331,0.19151887224060404,32.506458889167185,8.660623187710582,27.61533539246501,22.00446052742483,21.67935772821996,1.8605090611714212,0.38966878224424484,94,-0.1981499100036408,71,True,odisha,nuapada
366,20,438,0.19178664951259844,29.674313013781106,4.159169000679916,26.85954180338735,26.13648084846413,29.663635069869407,1.4630013022843875,0.3502207678143939,95,-0.15843411830179543,138,True,jharkhand,gumla
834,22,425,0.19221528986550482,31.69428929047323,28.556024167035122,28.05356504958979,19.596334911967272,27.736891863928637,1.3955083570330553,0.4520046577895261,96,-0.2597893679240213,22,True,chhattisgarh,sukma
326,18,319,0.19228133396536262,28.28801501564434,49.66353690093994,58.12823700007373,24.901003813592816,30.402290026430805,1.768748798627972,0.32810424577048775,97,-0.13582291180512512,203,True,assam,udalguri
153,9,530,0.1935777416066911,30.989675593940103,,22.710709363652903,24.100646471549844,30.0532322182898,2.0692759604326936,0.24325822942292266,98,-0.04968048781623155,466,True,uttar pradesh,kheri
268,13,230,0.19404839423697273,24.508529421642347,48.88355290233032,60.853349465699765,33.25564133176703,15.135646555416509,1.6659242534883736,0.4147005926287546,99,-0.22065219839178185,43,True,nagaland,longleng
447,23,357,0.1940783995265336,31.04542209962665,22.811406207988032,21.869137837018922,20.520727159585753,20.020311485066216,2.2346736469641906,0.40398554149715926,100,-0.20990714197062565,55,True,madhya pradesh,betul
176,9,488,0.19590874930834304,31.15965774931845,54.78037689346837,17.663307408662725,21.932869107102093,22.172280284514123,2.185174004251528,0.2648558048806806,101,-0.06894705557233757,410,True,uttar pradesh,bara banki
489,24,249,0.19807481069165045,30.087005044341357,53.716830492193225,24.51804295204082,23.864065193841984,21.067538739672845,1.9805637640748366,0.39883571868383244,102,-0.200760907992182,68,True,gujarat,the dangs
238,10,474,0.19862441879804338,31.928257517241093,59.51083923207064,28.079013084209905,31.161962634779847,31.051394610316233,1.9748164278849742,0.2899322911579208,103,-0.09130787235987742,337,True,bihar,jamui
239,10,410,0.1988535363165526,32.45568168926182,60.67263262577556,22.22961746860507,26.470450027099247,27.9332648083627,2.2723742010226635,0.35716290999576567,104,-0.15830937367921308,140,True,bihar,jehanabad
352,20,374,0.19887675311366068,29.81573361443853,16.094529082361813,37.606340818948915,27.839505064220337,32.1786473487503,1.5851711781645323,0.3213627040915115,105,-0.12248595097785084,239,True,jharkhand,sahibganj
174,9,460,0.19918436460683173,32.855508996459406,6.236579264535478,13.902897764268166,25.03746118962603,31.43772264249069,2.0176222571869644,0.24496396659633876,106,-0.045779601989507035,474,True,uttar pradesh,kaushambi
169,9,570,0.1992522203807931,33.62934744973694,6.591927300458466,15.029175493291392,28.83213770433255,31.62789007848526,2.4466334099313256,0.2832534949550945,107,-0.0840012745743014,371,True,uttar pradesh,mahoba
442,23,378,0.19999895570670298,32.836393417824056,38.52490698579126,14.95048069247637,29.264699122424574,28.279635651707398,2.2835850116361027,0.32767357689896887,108,-0.12767462119226589,228,True,madhya pradesh,rajgarh
851,24,369,0.20120410885460466,32.54178851875261,51.71776016936571,7.4322435613779385,23.91081865035285,18.532667941746876,3.5379598929933063,0.3305245722955878,109,-0.12932046344098314,223,True,gujarat,botad
425,23,403,0.20214012128759962,33.37753100277935,39.28590192279759,16.662967192290722,24.74240904598928,23.291037490444822,2.464676783027386,0.3552710299318368,110,-0.15313090864423717,152,True,madhya pradesh,chhatarpur
137,9,614,0.20282539854443926,31.41797007318467,13.09606632438201,15.99024063831859,21.50827041532019,16.854240489811904,3.3608263309618347,0.37550322928373187,111,-0.1726778307392926,106,True,uttar pradesh,jyotiba phule nagar
194,9,614,0.20333542930327017,32.30251066925302,5.042483025423503,18.136889749274363,23.22729711400394,29.128223300230324,2.656825503885298,0.3792415980406784,112,-0.17590616873740825,102,True,uttar pradesh,jaunpur
463,23,259,0.20344756104871403,32.24988782837046,6.2546944190002165,17.96642500074224,23.6315700507554,25.42086283842273,1.9461793312165825,0.2769526211231481,113,-0.07350506007443408,401,True,madhya pradesh,singrauli
580,29,437,0.2035508378173409,30.666300507072638,48.725255719661384,9.334529239772849,24.49391052833005,26.36153494008903,2.592470107313953,0.5169285439439723,114,-0.31337770612663135,8,True,karnataka,yadgir
561,29,352,0.2041561243477716,28.930671417484778,61.96331724917991,9.021219645027731,25.475877668345795,24.219188248940483,2.778112478328584,0.44655554474117803,115,-0.24239942039340642,30,True,karnataka,gadag
6,1,444,0.20431027997772738,25.9479499794746,37.02595912908701,43.323922706178344,25.92947697199143,21.366400532171596,3.077322944019651,0.42227121401983153,116,-0.21796093404210415,45,True,jammu & kashmir,rajouri
488,24,284,0.2060260911403962,31.639259475776335,45.10182206102175,13.212189219640475,35.5019998298922,23.48817559286798,3.183830676199409,0.3157166406749001,117,-0.10969054953450388,275,True,gujarat,bharuch
556,29,370,0.20623136675149245,28.949589035778384,61.82330888223321,8.776134928228414,33.62881297012591,29.409016288551296,2.7828336254695585,0.49999155090770436,118,-0.2937601841562119,13,True,karnataka,bagalkot
163,9,468,0.20637816524005828,33.116891768376426,30.145278256565987,12.904694487418391,22.81302673258321,23.50733034965363,2.2707529263124946,0.28456656924944485,119,-0.07818840400938656,387,True,uttar pradesh,kanpur dehat
144,9,488,0.20661488494599656,33.010780459867725,34.561962117534144,12.727886456913893,23.9507234532641,20.479791465647498,2.9203538446376065,0.38745672460602004,120,-0.18084183966002348,96,True,uttar pradesh,mahamaya nagar
192,9,562,0.2072607611398836,31.892490510609083,7.034456861341551,21.405966944657102,23.71684557103028,24.841576823384408,2.726576726233002,0.3543082836316349,121,-0.14704752249175132,169,True,uttar pradesh,mau
810,18,283,0.20785480470557244,28.447583544933202,53.6994313436419,53.214345590482196,27.39823824038422,31.053856139294528,2.014881532594818,0.3796217622265101,122,-0.17176695752093768,109,True,assam,biswanath
202,9,484,0.2083165436026841,32.587073928946786,44.95903811305023,14.012645757454361,22.574759023875956,20.228774070800768,2.5898018086919534,0.24957310230194948,123,-0.041256558699265394,482,True,uttar pradesh,kanshiram nagar
193,9,493,0.20945524515456043,31.725651669017953,8.374835951294491,21.46239918340597,23.240569491837544,22.529148960502184,2.6300901064958873,0.3310560579024939,124,-0.1216008127479335,242,True,uttar pradesh,ballia
213,10,428,0.2102233938088699,29.10632316065424,54.450744725544794,35.56674200080546,30.285091370654698,32.21773361883688,1.447678865374043,0.2647793494554589,125,-0.054555955646588994,451,True,bihar,madhepura
154,9,485,0.21037690763363037,31.185676099372394,,18.987201876984415,25.800810421024682,31.51470351695362,1.9813990056509645,0.22237548323891632,126,-0.011998575605285944,552,True,uttar pradesh,sitapur
915,16,217,0.21124367659228874,27.69505497507614,80.56777229212693,68.84227823249132,24.394594881407105,19.21861974128897,1.9211441388691815,0.39735151936203317,127,-0.18610784276974443,90,True,tripura,khowai
490,24,283,0.21156127813440667,30.09444483208457,54.56879343406082,20.2342382873132,37.629288822256626,19.16976471412879,3.2340295511518673,0.5028676466384189,128,-0.2913063685040122,14,True,gujarat,navsari
15,1,419,0.21234140637760401,21.37136723569935,45.281776346802104,42.74277408219778,14.422479964657523,16.765106310912984,2.636164140584158,0.3653950901342193,129,-0.15305368375661527,153,True,jammu & kashmir,kulgam
216,10,450,0.2126204158024425,29.6187263501876,60.85655975575445,24.24416291354925,28.680389203506312,25.489048166878455,2.117715487367794,0.3438415017659094,130,-0.13122108596346688,215,True,bihar,muzaffarpur
304,18,363,0.2128901445223612,28.446554163932035,57.81194413608191,59.3035027619352,22.233916888413873,30.432763528355537,1.8748812702983277,0.31714981975413326,131,-0.10425967523177204,293,True,assam,morigaon
446,23,175,0.21408307574780253,32.50413601969754,27.43423425752369,19.945759772785525,21.517739727045985,18.593206132112048,2.57741833317473,0.3729038856239339,132,-0.15882080987613137,136,True,madhya pradesh,raisen
20,1,358,0.21473639058556065,24.471170925534693,42.78980288424445,41.86875556695983,23.73214092601427,20.97423018149539,2.5029497619061725,0.36764266982471794,133,-0.15290627923915728,155,True,jammu & kashmir,reasi
850,24,329,0.2154111378439132,31.775903534981243,48.44225965053024,9.774100694607949,19.326979059440156,18.745383727330616,3.4767713009553862,0.39689303631619466,134,-0.18148189847228147,95,True,gujarat,bhavnagar
365,20,394,0.2157742624702271,30.010564744220382,4.41852311657057,29.728574155650747,26.90507127666978,29.125644355854376,1.4854227145004977,0.3253293337457248,135,-0.10955507127549771,277,True,jharkhand,khunti
460,23,327,0.21612516797706643,32.18818659791599,9.36662854669014,18.74641712955796,24.47108132370792,23.58341570257818,1.9158625709523762,0.3041301283896247,136,-0.08800496041255829,354,True,madhya pradesh,shahdol
862,24,331,0.21683952956755606,32.62118814782184,40.08947474802533,11.004035190313994,22.784938181198946,25.033027481800108,2.8182352656244256,0.38294100909088247,137,-0.1661014795233264,122,True,gujarat,sabar kantha
418,23,380,0.2173711160824204,33.193424729646594,20.317906695828643,15.240166637461595,21.495536645655704,24.094339134888642,2.278487157296366,0.3531426229660028,138,-0.1357715068835824,204,True,madhya pradesh,sheopur
223,10,440,0.2173922194761174,29.898466025459136,62.30532512009947,30.134682186086497,32.42515229423119,27.123059025365368,1.94876588475743,0.3232480113659777,139,-0.1058557918898603,287,True,bihar,khagaria
860,24,369,0.21867592793390775,32.322604594902636,44.52301915936075,13.755499482933626,23.043784484120703,25.807496990000818,2.529877620600596,0.30565455204923137,140,-0.08697862411532362,360,True,gujarat,panch mahals
276,14,332,0.21877164865965887,24.444192210631197,70.01242089952834,56.55283231862406,43.967303517270295,18.80805963323588,2.329243054057647,0.38963143972185904,141,-0.17085979106220017,111,True,manipur,thoubal
429,23,245,0.21877721668392155,32.5665786265086,,16.91129945632951,22.392085138848536,21.927037171752314,2.3841329399501774,0.3303330639481627,142,-0.11155584726424114,272,True,madhya pradesh,satna
867,23,183,0.2189852689649822,32.72725076565183,25.26785467248969,15.772221794064109,22.12957698888707,17.893424502220608,2.718962443623369,0.3862711089648056,143,-0.1672858399998234,117,True,madhya pradesh,agar malwa
398,21,354,0.21919456320049344,27.88557493439444,13.704740574701622,31.059836200610377,21.747135586259827,25.878536569273507,1.8747465293792318,0.3670803658875842,144,-0.14788580268709076,167,True,odisha,koraput
234,10,528,0.21943871963785827,32.76706115717308,56.66566149340163,20.86254583940895,26.34701290912155,23.466133868476476,2.701319445503914,0.33756723498430147,145,-0.1181285153464432,252,True,bihar,rohtas
150,9,460,0.2195116828521825,31.477159033308745,,19.3873086311428,21.606886312279094,17.369158238907207,3.398452880610744,0.29958813439916315,146,-0.08007645154698065,382,True,uttar pradesh,bareilly
830,22,352,0.22031303671082159,32.20009275979402,46.93734242479948,28.413502931947775,18.185393307744135,17.363506778216625,2.3091624906568096,0.4742642089493677,147,-0.25395117223854613,24,True,chhattisgarh,gariyaband
132,9,502,0.22142494247041358,30.818449007737463,24.453222612333622,19.33191864857209,20.225748033574458,15.743518115792915,3.65390422771136,0.500896095212338,148,-0.27947115274192447,16,True,uttar pradesh,saharanpur
197,9,519,0.2216279416661833,32.660505607788956,7.020419435860952,18.449977426886477,22.262088436057248,23.04331267799083,3.2217030988072413,0.45687864439986686,149,-0.23525070273368356,34,True,uttar pradesh,varanasi
925,9,538,0.2226780002810344,31.239104420655877,,18.380468836609467,20.382249642770894,16.41094919244471,3.3759767386867003,0.3706123699950121,150,-0.14793436971397772,166,True,uttar pradesh,moradabad
215,10,447,0.22331083318510017,29.18663819455014,64.50773749138195,27.758221473816942,26.903256300695457,27.367563350099193,1.862158896131272,0.28336949176829335,151,-0.060058658583193175,437,True,bihar,darbhanga
466,23,202,0.2245512999009849,33.23898407560401,45.462414891231035,18.112396339071616,19.725154889372405,17.125811287088204,2.827216564571144,0.4384845207509757,152,-0.2139332208499908,51,True,madhya pradesh,khandwa (east nimar)
817,18,420,0.2251821290785061,28.60791399690405,50.057890225327164,56.079738910812715,23.354438075250236,23.299949488960394,1.8869655983261275,0.3727304368814787,153,-0.14754830780297262,168,True,assam,nagaon
212,10,384,0.22627041736097553,29.134574295918302,46.17132259570018,42.72201932941526,25.375031905656883,26.494042997223286,1.6788101273245961,0.35396283646384685,154,-0.12769241910287132,227,True,bihar,katihar
407,22,389,0.22710520574311766,32.71090667662267,7.0,24.08916426648565,17.867255701488524,18.12081820079511,2.6951000229279773,0.37290105286561187,155,-0.14579584712249422,172,True,chhattisgarh,kabeerdham
349,20,419,0.22732521049303686,31.35337084489855,51.282737942708835,29.451490510964565,27.69030319615857,31.893349724365397,2.1483036035655325,0.35895250650011223,156,-0.13162729600707537,214,True,jharkhand,giridih
469,24,380,0.22809930750176927,32.664836078600075,47.55115503486687,8.145716699935075,20.803602189452835,24.448692068046864,2.606029312258267,0.3500834467058211,157,-0.12198413920405182,241,True,gujarat,banas kantha
461,23,340,0.22866033442871483,31.678586001002856,7.882124927305837,19.996860475294827,22.59933281217011,24.748102361482616,2.0086353592264894,0.3776143490570008,158,-0.14895401462828597,163,True,madhya pradesh,anuppur
833,22,389,0.2296723974447948,32.96059054506407,43.86619225174928,24.858286886514726,16.30006462771205,18.315883152217232,3.3870380968242455,0.4903160837617684,159,-0.26064368631697354,21,True,chhattisgarh,raipur
319,18,356,0.2311588557514637,28.174202191191803,56.18571819943996,69.42850058794279,22.204492841995695,20.35433314444082,2.1803311739712767,0.32998184350953,160,-0.09882298775806633,301,True,assam,bongaigaon
240,10,502,0.2312601089095029,32.69009191342614,61.03250383781684,21.821732399925974,28.416234944782943,30.13144347223219,2.0940364123599373,0.2356977485774975,161,-0.004437639667994597,568,True,bihar,arwal
368,20,339,0.2314103663399071,30.66285473736256,8.845955812157568,27.136930349005773,22.614596832890605,29.491935789760227,1.3759918163106155,0.3898318047889848,162,-0.15842143844907772,139,True,jharkhand,pashchimi singhbhum
147,9,479,0.23209639818428499,33.19670955356684,,12.806126699554,21.832678840519634,18.148875233977755,3.183094995510142,0.3301681711452489,163,-0.0980717729609639,309,True,uttar pradesh,firozabad
8,1,469,0.23249839123629168,22.908754948650003,28.657528559622854,44.37663195509445,17.11794351617813,17.362634322977556,2.9870225183732515,0.37954301402507196,164,-0.14704462278878028,170,True,jammu & kashmir,baramula
835,22,374,0.23278289480663095,30.897432576992884,8.04283479649407,21.596814541145122,20.827054646436068,24.030600196959302,2.0539605260942007,0.34064899420434674,165,-0.1078660993977158,283,True,chhattisgarh,surajpur
353,20,365,0.2333998744396939,30.478685072694184,8.349624796732515,36.181157492946085,29.369093567245056,35.98465232312286,1.5800124605963377,0.3765570828315293,166,-0.14315720839183538,180,True,jharkhand,pakur
930,9,520,0.2344015640874331,31.976004875873144,,17.662169865382726,26.142973520454056,33.057043845277285,2.182769326243041,0.2896343685109677,167,-0.05523280442353459,449,True,uttar pradesh,sultanpur
560,29,305,0.2344977319482082,29.299850953151594,61.5476944190268,7.874434878853661,31.516719673810396,25.0992773484198,2.5280132144923684,0.4583474437789497,168,-0.2238497118307415,40,True,karnataka,koppal
857,24,347,0.23497383974452332,31.89148464449247,44.39598487986147,11.592767527695749,20.07941395558144,22.76420792934902,2.8725303587909656,0.2903768975197079,169,-0.05540305777518459,448,True,gujarat,kheda
919,16,293,0.23521448167899411,27.78739963664492,73.10553495736745,76.39580506237105,22.049567799661357,23.810745594975447,1.7428631315038203,0.3339378238109904,170,-0.0987233421319963,302,True,tripura,unakoti
921,9,524,0.2357630759030552,31.98278878338464,5.380324238764038,15.962588955254574,25.759503575476145,32.90502920482717,2.302348763901564,0.3287202567458946,171,-0.09295718084283941,328,True,uttar pradesh,amethi
427,23,366,0.23590299739735532,32.623826901308355,,18.717362558656184,24.967761609830397,22.34154722608724,2.3617296325098076,0.3329216393580781,172,-0.0970186419607228,316,True,madhya pradesh,sagar
433,23,334,0.23597600412542746,32.26621574067521,,15.547240717390208,28.701555998022528,23.34660219082762,2.915780665527557,0.374028874426704,173,-0.13805287030127655,195,True,madhya pradesh,mandsaur
927,9,523,0.23606325085404348,32.30466257093424,,14.292996027079912,22.157433741446233,25.15263509727574,2.189286644545705,0.2627027784330004,174,-0.026639527578956906,511,True,uttar pradesh,rae bareli
432,23,376,0.23729532993478297,32.14629998509585,,14.271249227790024,22.86667003728899,21.939764701670324,3.057808750492457,0.40295205820075647,175,-0.1656567282659735,124,True,madhya pradesh,neemuch
470,24,333,0.2379887980129662,33.22398620123417,47.477524241248766,7.67461448465576,16.623991509590976,19.639922954768966,3.072911888880994,0.28438035426653313,176,-0.04639155625356692,473,True,gujarat,patan
188,9,528,0.23858814783298796,30.844765386073597,44.005813438887905,25.341686324621822,25.180734067172835,29.014856424070324,2.677319061809467,0.346616386040341,177,-0.10802823820735305,282,True,uttar pradesh,gorakhpur
458,23,444,0.23899803149292295,32.788526536913345,11.078247535795281,16.177807540368946,23.206320220964393,23.021274840339814,2.5381982765547093,0.38439307682005497,178,-0.14539504532713202,175,True,madhya pradesh,guna
178,9,505,0.24020959387759425,31.177625109319248,6.605165340002209,20.7093299027466,25.04583691688329,32.78714135516448,2.2029606285759695,0.33246565119981447,179,-0.09225605732222023,333,True,uttar pradesh,ambedkar nagar
129,8,457,0.24027862647911477,33.09122498150751,30.079931076452315,14.909202460489073,24.971958332114674,25.0260245333108,2.662292719263857,0.398786507539843,180,-0.15850788106072825,137,True,rajasthan,jhalawar
16,1,328,0.2405500343808681,20.854687997423536,30.56662354060388,38.292168713892885,20.83767907588921,21.1361471908075,2.709501659176325,0.39839248690788354,181,-0.15784245252701543,141,True,jammu & kashmir,doda
543,28,225,0.24090114673680263,30.95457199004447,45.051052978848354,21.79564183911629,27.322153963852802,26.332749493480428,2.7222506766628642,0.623028784899994,182,-0.3821276381631914,2,True,andhra pradesh,vizianagaram
196,9,459,0.2447857528144488,32.72041905783687,7.5251714808970505,19.6329711402417,25.949438682763976,27.860369130486266,2.5920457620988824,0.2883288883366685,183,-0.04354313552221967,480,True,uttar pradesh,chandauli
468,24,380,0.24500092401810084,30.971889204281336,48.841457520086095,5.378049557186118,30.56582535716868,15.386198162929684,3.644698939743972,0.2670801342457793,184,-0.022079210227678475,525,True,gujarat,kachchh
307,18,291,0.24500425284896585,28.304457269071786,52.321637752238566,55.912947580151155,25.190773798829227,27.48830200078779,1.992609927307165,0.3713959652773652,185,-0.12639171242839933,233,True,assam,lakhimpur
350,20,369,0.24504717963546424,31.34635077778087,42.75573643586918,31.90640683364849,26.135235348863652,30.78090753167453,1.8425265256275358,0.33984753845030874,186,-0.0948003588148445,319,True,jharkhand,deoghar
823,22,415,0.24521528318780486,33.365013307908626,44.77369631407827,24.91177525448817,20.525826697805414,20.631269228530588,2.6132696309648593,0.3810696130985121,187,-0.13585432991070726,202,True,chhattisgarh,baloda bazar
874,17,409,0.24580884060148617,28.151760847387433,60.694809516135486,68.79963110129816,29.778053772301078,20.266562782179225,2.060275759917543,0.4119059941240503,188,-0.16609715352256416,123,True,meghalaya,south west garo hills
831,22,422,0.2462198597793351,29.784209512815945,50.304056082489645,31.014041300568067,20.372856887646336,23.357163058481213,1.5927916069923893,0.3747972389677348,189,-0.1285773791883997,226,True,chhattisgarh,kodagaon
313,18,311,0.24656995553866473,28.487978158382184,53.176250137926125,55.46688745169282,22.771081822158134,24.76771239988641,1.947894026670664,0.360191211982537,190,-0.11362125644387228,265,True,assam,golaghat
166,9,505,0.24657078708943928,33.943521689905154,10.3907460198174,14.924337012056219,25.177045177976737,28.251860658050074,3.067744532815239,0.487477318556023,191,-0.24090653146658372,32,True,uttar pradesh,jhansi
207,10,415,0.24694163598484284,29.00475538718025,62.6135794369948,29.792762781014485,27.583028995943884,29.019731525170737,1.7904075036325708,0.2663497876269206,192,-0.019408151642077737,536,True,bihar,madhubani
359,20,487,0.24837846344719147,30.627999375678552,7.662726227581776,26.53987961810709,26.087432367480986,30.729208553163687,1.395896557180623,0.2847971979011321,193,-0.03641873445394064,498,True,jharkhand,latehar
235,10,524,0.24914699692211964,32.49781408904362,57.65113379049781,22.7064847712247,25.85054379136104,25.41936104789933,2.4025605567219257,0.2930682178052966,194,-0.04392122088317699,479,True,bihar,aurangabad
827,22,354,0.249336119959795,32.63490264847256,44.69091759446168,22.720037527535226,20.19171660311202,20.305874925904174,2.596507679002682,0.3997876012631181,195,-0.1504514813033231,160,True,chhattisgarh,bilaspur
5,1,410,0.2496041056769136,23.05028027175727,37.65294668721881,47.250853085724174,22.71333359865534,21.442620430145553,2.957884388467169,0.34785268354189114,196,-0.09824857786497754,307,True,jammu & kashmir,punch
173,9,535,0.2531380228985349,32.38779621114478,5.794299074621428,15.503428938648735,26.702785066714643,29.96387993776904,2.450250990227026,0.351837712318374,197,-0.09869968941983914,303,True,uttar pradesh,pratapgarh
918,16,250,0.25466079405290076,27.898685852564068,78.11281742752459,74.38946014983841,22.041900047423773,24.44375496582059,1.822265528632259,0.4729885854882648,198,-0.21832779143536402,44,True,tripura,south tripura
236,10,483,0.2550522881513465,32.21502755931269,59.4217972648179,25.453653221536268,26.50456797477018,27.96833462257324,2.153417169903294,0.2898369677314691,199,-0.0347846795801226,501,True,bihar,gaya
229,10,460,0.2592668317607785,32.100076348866075,62.12113950132759,23.420537595115455,22.608410995366967,24.013287161007284,2.5180009768378135,0.3426239885751638,200,-0.08335715681438527,372,True,bihar,nalanda
445,23,409,0.2595366347674238,32.4904161019976,42.95166012836905,20.01712171153016,26.07035169548925,25.07315612938886,2.614843508098405,0.372279955870992,201,-0.11274332110356822,267,True,madhya pradesh,sehore
279,14,187,0.2606885519003584,21.265224720792705,67.60438651135213,58.82959389391218,35.12140670881291,22.797889603396477,1.8385505455950275,0.43278500912361534,202,-0.17209645722325695,108,True,manipur,ukhrul
346,20,438,0.26098511442511546,32.037301009028106,9.103433918453662,22.126733763080477,24.687024671231967,29.731619954395445,1.6766693989591241,0.25411209485378117,203,0.006873019571334293,586,False,jharkhand,garhwa
199,9,419,0.26158596288067104,32.855383711856014,5.757781260823047,17.287653868659444,23.56196653296874,29.357616437536908,2.5334259108209043,0.3193886311285427,204,-0.05780266824787167,444,True,uttar pradesh,mirzapur
363,20,370,0.2621986609624433,31.41322315340763,43.669869266994176,33.32734549788329,22.873651659674195,33.32954233652856,1.7578014459870688,0.4298936362046771,205,-0.16769497524223376,116,True,jharkhand,jamtara
272,14,259,0.26290556270830445,22.059611926495098,64.95240366362934,60.50509485202586,30.91494783336111,17.392333538719544,2.1762922297810836,0.452179267089171,206,-0.18927370438086655,84,True,manipur,senapati
275,14,302,0.2631606869982621,24.07569264950714,60.6402209632063,59.5576411758048,40.46684197146342,19.515442255244974,2.345360509191205,0.44241843963345256,207,-0.17925775263519045,99,True,manipur,bishnupur
369,20,385,0.2634616738571578,31.194529032934497,9.34906639306609,30.625315336106418,24.891875051984325,26.412043576167957,2.0442526031551127,0.4643958356891094,208,-0.20093416183195162,67,True,jharkhand,saraikela-kharsawan
449,23,323,0.26362304084704996,32.83044851878694,41.26524965918898,22.049048400679567,25.981753421597404,24.60771749650813,2.587542064955057,0.3792018164016131,209,-0.11557877555456314,261,True,madhya pradesh,hoshangabad
404,22,374,0.26427890180596464,32.92230896820939,45.103399012339125,23.353998438950033,23.040999140109285,20.838900168454114,2.4852503765721785,0.37622039705701077,210,-0.11194149525104613,270,True,chhattisgarh,korba
271,13,261,0.2646355878489795,24.2258024652727,53.91921135187063,58.86809060594986,22.903862067534302,13.156279642777776,2.1422336678832905,0.4918182746191274,211,-0.2271826867701479,39,True,nagaland,peren
190,9,509,0.26557516347404175,30.921215663480286,9.30750907883752,25.373344494573995,25.761978001740623,32.870077577720515,2.827903065844244,0.31963286206159625,212,-0.05405769858755449,453,True,uttar pradesh,deoria
280,14,179,0.2656138816859236,22.716355412667145,68.61717393012316,55.539603531797155,40.615766909297065,20.64181203256773,2.5445089514092714,0.45220132547697156,213,-0.18658744379104797,88,True,manipur,chandel
219,10,531,0.2657923667529699,30.726660138180108,64.35429478653784,21.598988641162123,24.11928502850257,25.721993045100483,2.2439305855143474,0.28517911328970086,214,-0.019386746536730948,537,True,bihar,saran
14,1,353,0.2661853570400507,21.04871762830518,45.7170973815097,39.593179737521936,13.180411450095779,17.97444799912242,3.292448878350812,0.3955633893475449,215,-0.12937803230749423,221,True,jammu & kashmir,anantnag
434,23,357,0.2668335286450676,31.6222805290123,,17.28555819107245,24.977247125187898,23.28163246342972,3.06714208022974,0.4265263212897421,216,-0.1596927926446745,135,True,madhya pradesh,ratlam
413,22,325,0.2675607111940286,31.90758556658948,13.948776620998261,27.520804797227658,17.53404475768482,18.97038775917381,2.374734585690051,0.45911994667030537,217,-0.1915592354762768,79,True,chhattisgarh,uttar bastar kanker
832,22,379,0.26941987342322327,32.74659280090243,7.0,23.1226864700401,19.35854742021335,17.828239786257786,2.3916176953657744,0.3369620369976425,218,-0.06754216357441922,414,True,chhattisgarh,mungeli
266,13,304,0.26982961067624706,21.6399112869123,64.90787202132337,60.944365700177116,16.76933997146751,14.260705239573895,1.8945788814754885,0.4617169764696921,219,-0.19188736579344506,77,True,nagaland,phek
297,17,451,0.2700393017091674,24.17600103951923,48.400771481964185,96.55948548890822,23.223156388730672,15.152106526665277,2.1398330443487006,0.40920854849091,220,-0.13916924678174258,193,True,meghalaya,ribhoi
142,9,389,0.27072229989383567,32.045076815776035,16.992362885316645,13.354334857737594,23.135013442477426,16.54093545029569,3.553130895976462,0.4257911223598857,221,-0.15506882246605003,148,True,uttar pradesh,bulandshahr
308,18,316,0.27161375613684724,28.07227901411792,46.04008598523323,56.26810210966066,21.910241895284212,26.339037011528056,1.8553355604498232,0.38516134365597915,222,-0.11354758751913191,266,True,assam,dhemaji
351,20,323,0.2718644398924575,30.58191230439454,40.18522790793332,34.51013095626444,29.41955613627875,29.548022798060998,1.8280890391547693,0.31657235275178114,223,-0.04470791285932363,477,True,jharkhand,godda
161,9,471,0.2729200034397477,33.25275342992203,34.4358319613204,13.077242576795525,23.548842531551166,19.613317593168663,3.1208137129926183,0.3902801825109111,224,-0.11736017907116342,254,True,uttar pradesh,etawah
828,22,400,0.2729622847462362,30.43212717330852,24.938545969855628,29.06173459299771,19.55993070754378,25.82829183920638,1.7775210477309304,0.4608017823275091,225,-0.18783949758127294,86,True,chhattisgarh,dantewada
408,22,351,0.2730735828239237,32.775202178499484,8.64784052804138,24.677403521028307,15.717046285770254,17.49307376977749,3.0106667086112986,0.38462395435621144,226,-0.11155037153228775,273,True,chhattisgarh,rajnandgaon
323,18,309,0.2736072500959569,28.352815592191547,55.816283496944855,64.33041730418121,22.57916595603043,25.47714155321864,2.1959852895787395,0.36835284534648083,227,-0.09474559525052395,321,True,assam,nalbari
402,22,293,0.27388693846908335,30.245677051300788,5.8510975938451475,23.863163294341085,22.04268634567665,23.57410719145149,1.680945991345106,0.3759350688511522,228,-0.10204813038206884,295,True,chhattisgarh,jashpur
821,18,356,0.27477759579930383,27.42503865125776,57.3002932586573,67.71746289970896,31.159669169088215,27.686337508000893,1.6526841226574058,0.3459301022164192,229,-0.07115250641711535,404,True,assam,west karbi anglong
868,23,451,0.2750739901735628,32.34898673189556,42.31481042129643,17.426530752629798,24.614669003848554,21.46182710262261,2.739786124353531,0.36290360045876613,230,-0.08782961028520331,355,True,madhya pradesh,shajapur
437,23,354,0.2750884394050817,32.19044602503278,,19.649914193936443,22.959532518862723,21.12194882427072,2.771359441208576,0.3910558154634181,231,-0.1159673760583364,259,True,madhya pradesh,dewas
2,1,381,0.2785561853373,21.654737663659706,46.974903170466625,43.73327186982341,14.177809868596745,18.675293842449832,3.3125213422859265,0.4058602007092358,232,-0.1273040153719358,231,True,jammu & kashmir,badgam
836,22,329,0.2802149758288961,30.216968285607336,7.445097606761438,22.76580032437505,20.114924963309267,21.903470115385513,1.884460586683353,0.3436438277568157,233,-0.06342885192791958,429,True,chhattisgarh,surguja
291,16,319,0.2810514321735937,27.29479516556375,78.06540476679903,72.22631006821251,25.364935980295876,22.39620698556355,1.7065606975702707,0.3621908949307381,234,-0.0811394627571444,378,True,tripura,dhalai
815,18,321,0.2811500395966744,28.291147370297548,57.298926234999605,56.61388790412239,24.500558822636123,23.846951483362872,1.9802127739499995,0.3766113340507656,235,-0.09546129445409118,318,True,assam,karbi anglong
358,20,495,0.282185909588325,31.949513527512877,10.337676286167408,23.157657357523078,24.116672853338432,29.099452550169556,1.819918398743091,0.2844075353643771,236,-0.002221625776052061,572,True,jharkhand,palamu
448,23,416,0.2829784677526509,33.04605291419044,44.882837494336414,20.91534492885252,20.762858724991126,16.492481322092246,2.9530609505450274,0.4284828121041204,237,-0.14550434435146953,174,True,madhya pradesh,harda
198,9,510,0.28360398540441284,32.71699212670005,5.267058529826808,16.827931922564947,25.51604506765267,30.98623897477724,2.6577015012302034,0.359507818277202,238,-0.07590383287278918,394,True,uttar pradesh,sant ravidas nagar (bhadohi)
571,29,223,0.2840153070151883,27.970034716984323,68.32958198047383,14.609113536158315,39.099110338064115,19.756474142832726,3.4256926281541458,0.5824303472742286,239,-0.2984150402590403,11,True,karnataka,tumkur
269,13,204,0.28454768292047683,22.474679272632798,54.604194438393534,61.80752368541755,17.38111382481496,15.560032065245705,1.6299337977279078,0.39871688382345244,240,-0.11416920090297561,264,True,nagaland,kiphire
824,22,379,0.2861479706653072,30.284181519498237,6.701647565647808,21.753229185773534,23.411404272910758,25.885685314015024,1.564351588185351,0.29095170997759684,241,-0.004803739312289612,566,True,chhattisgarh,balrampur
917,16,252,0.28666310472987283,28.01897328177027,75.56899268393516,66.37908326973273,19.833634045911566,20.938582377560138,2.196992478382462,0.4549387089427345,242,-0.1682756042128617,114,True,tripura,sepahijala
116,8,547,0.2880142297019241,33.769424065083896,55.51410190396137,6.667529635830931,31.054249881923887,20.054185270359653,3.0112340260922257,0.3728763055965462,243,-0.08486207589462214,367,True,rajasthan,jalor
393,21,332,0.2881585550773541,33.07783776370801,6.715785628733042,25.236562440910728,20.90500099866383,19.540136510973984,2.262125317040061,0.47981034284963026,244,-0.19165178777227615,78,True,odisha,balangir
228,10,453,0.28889757351029877,32.21151678055427,61.82314195061261,25.37557846744321,24.044366812671885,24.634038786795376,2.4727507717340838,0.339183624176158,245,-0.05028605066585923,463,True,bihar,sheikhpura
347,20,466,0.2898387992656489,31.129240599903316,7.913296738892466,27.342388883108438,28.44408487202707,33.282767054646605,1.7534767110286913,0.30946520939053546,246,-0.01962641012488653,535,True,jharkhand,chatra
829,22,349,0.2905341560145093,32.86710643436471,8.248012625046087,23.55709298058878,15.690025300545537,14.109052139620449,3.8986265194972183,0.556342071952516,247,-0.2658079159380066,18,True,chhattisgarh,durg
231,10,489,0.29056214123535146,32.54060113143193,59.01505026560268,20.70743853709463,25.031132758331108,25.174252818075328,2.5934097674270387,0.28341742509658086,248,0.0071447161387706015,587,False,bihar,bhojpur
451,23,76,0.29076621778519557,32.22209203603439,12.551795565757846,21.971421137888985,19.319924352689352,19.49703366776444,2.2570519322269518,0.3234098871822726,249,-0.032643669397077024,502,True,madhya pradesh,jabalpur
417,22,386,0.292345334007768,31.935435807371913,23.662525855737112,24.646386912387086,20.890714976945862,28.092175112048473,1.5609264935565283,0.39869251180374315,250,-0.10634717779597513,284,True,chhattisgarh,bijapur
295,17,318,0.29436554487509003,27.51530814546996,62.96064394369832,85.33358420939564,27.273259660107584,15.022157954652679,2.091866666394409,0.42373963887686716,251,-0.12937409400177713,222,True,meghalaya,south garo hills
403,22,332,0.2947093613570203,33.05735064550082,7.783604326464463,25.02764925790065,18.380604057002444,20.689581803796592,2.405284514182481,0.3460247382072985,252,-0.051315376850278205,458,True,chhattisgarh,raigarh
816,18,320,0.29532759389647395,28.30849568591695,52.885128528244884,56.378617100580186,22.30717946341445,27.743123236564834,1.7480161198164095,0.3354007209976975,253,-0.04007312710122357,486,True,assam,majuli
559,29,418,0.2957329741245149,30.491770643378672,59.87854788080925,8.623740574555843,26.623108975270963,24.84465872551867,2.6558746185022675,0.4370338544783418,254,-0.14130088035382693,185,True,karnataka,raichur
12,1,348,0.2961298416937724,22.84679177068836,46.85094242523273,40.93242902599471,14.14993438342254,13.06059562103735,3.5652654560234542,0.4270885083428664,255,-0.130958666649094,216,True,jammu & kashmir,pulwama
360,20,439,0.29694377038144426,30.538898736782453,45.72615593286783,28.438982382482735,27.405918687772242,30.478551760212106,2.433806874209297,0.38957963575518534,256,-0.09263586537374108,330,True,jharkhand,hazaribagh
825,22,355,0.2970570164957741,29.84241261046567,55.50895983923093,33.009964026656576,19.35291850575202,23.733991672080407,1.861488946165224,0.5053136175103843,257,-0.2082566010146102,59,True,chhattisgarh,bastar
924,9,482,0.2980561702261091,31.696905460873516,,13.664662988777348,21.67851671907427,15.725790086645523,3.9789482074044047,0.45480020250123815,258,-0.15674403227512906,145,True,uttar pradesh,hapur
855,24,319,0.2990126973338937,30.754395710938553,40.09135551144716,8.536114346475399,14.286674674861947,15.30058110611834,4.047524913763587,0.3370639459085787,259,-0.038051248574685004,492,True,gujarat,jamnagar
811,18,364,0.2993176362033271,28.219125127480513,50.795419618570214,59.443657390354495,22.065418757497394,26.257963082239204,1.8436455314726514,0.35654357392456815,260,-0.05722593772124107,445,True,assam,charaideo
415,22,416,0.30009300505334763,29.77536314075669,29.389900559455214,29.350405360861256,22.198873885788707,24.922117700978045,1.6751573115722602,0.3778207716156179,261,-0.07772776656227026,390,True,chhattisgarh,narayanpur
177,9,468,0.3002098867313658,31.32381182136623,5.099506700331378,19.03594670359554,24.152267948298835,29.29730742217427,2.518371113005861,0.3357378085178011,262,-0.035527921786435324,500,True,uttar pradesh,faizabad
165,9,496,0.3003332989638687,33.26168750802609,10.74028144307758,13.251124502915149,25.442886673485493,26.741628220675324,2.5804588803969124,0.36609306298951516,263,-0.06575976402564648,420,True,uttar pradesh,jalaun
4,37,394,0.30211368389755233,12.035518406165856,42.475240972325494,20.110083397732858,23.55880656963589,29.3594181500547,2.344545007894879,0.36279372565412943,264,-0.0606800417565771,432,True,ladakh,kargil
189,9,500,0.3033213595526852,29.994953385298974,39.67336628002885,30.98804422549316,25.848011385576402,32.69401379856765,2.4598754321147593,0.2541404412284925,265,0.04918091832419269,633,False,uttar pradesh,kushinagar
916,16,321,0.3034346176069177,27.68315488097023,72.87795207472135,81.99105658840365,23.652962380363658,19.674887198822898,2.1945994693054054,0.40085926935513677,266,-0.09742465174821907,312,True,tripura,north tripura
146,9,483,0.30350321331561375,33.07775078597108,,12.61482662666834,40.55529494964105,16.244892937776616,3.7079333845064824,0.4677559094508912,267,-0.16425269613527743,127,True,uttar pradesh,agra
565,29,351,0.30366935912072685,29.32274244064586,68.4698634889635,8.053651707214684,31.43015569364888,26.163836143060045,3.0264874924762744,0.527193059872322,268,-0.22352370075159517,42,True,karnataka,bellary
267,13,316,0.30558195732978394,21.490320501713647,55.729603113850715,61.4939010169775,17.534635682136994,13.148118605322923,1.9242095995375172,0.4683702605229262,269,-0.16278830319314225,131,True,nagaland,tuensang
131,8,454,0.3058268702443136,31.98276010814654,33.59527706444381,15.52582539949528,25.91906306997957,26.972756639785143,1.8893533952453347,0.26841254701007966,270,0.03741432323423394,619,False,rajasthan,pratapgarh
321,18,328,0.30734149677100203,28.17725680792701,50.303509202948646,72.97893671707577,23.33425977983383,23.681458968318175,2.395772908541623,0.4036033208507726,271,-0.09626182407977057,317,True,assam,kamrup
564,29,294,0.30737281043839193,28.10273975753615,66.296298293281,14.293003785311772,28.06495476950044,26.812967754902825,2.9431677960469083,0.5094611548542726,272,-0.20208834441588064,64,True,karnataka,haveri
220,10,449,0.3084410675762937,30.24871349700707,61.729313729705574,22.43422769124308,26.3351675724258,27.02531146130428,2.2322283812465975,0.31343288037788325,273,-0.004991812801589557,565,True,bihar,vaishali
191,9,560,0.30948935943143424,32.013450933144554,6.49252315015252,20.345810349991954,26.494267463953527,33.52341627983582,2.4324713637070867,0.2881968439525798,274,0.021292515478854468,604,False,uttar pradesh,azamgarh
87,6,464,0.3099981325649248,32.724534413718224,24.036543661190446,11.367993682302128,27.38925026745024,17.907147684129658,2.9884669742084418,0.40411471112296277,275,-0.09411657855803796,323,True,haryana,mewat
440,23,402,0.31009891409858203,33.12579129118932,42.33659239569487,15.769568996823327,17.679764139764973,18.548813708531736,3.0789042784700666,0.39957432517600217,276,-0.08947541107742013,348,True,madhya pradesh,khargone (west nimar)
227,10,508,0.31141848073993855,31.837874219783977,61.705823272158135,26.892880002453705,32.65522482453064,30.22314543401217,2.3381887187442736,0.3597818272643695,277,-0.04836334652443097,468,True,bihar,lakhisarai
926,9,441,0.31144063121605464,31.01960143684324,,16.732840932458128,20.72625633712684,15.167099345242738,3.8800616354759665,0.4211117789705617,278,-0.10967114775450704,276,True,uttar pradesh,muzaffarnagar
253,12,353,0.31148714038776026,26.0498245998557,,52.33740948129419,22.718257733569065,18.79540481900922,2.1684952465284346,0.49770523261853594,279,-0.18621809223077568,89,True,arunachal pradesh,changlang
471,24,279,0.3115070763877413,32.8330429626865,39.01170438303673,9.391000053766914,21.68784730657737,22.346381111928896,2.9966443433950882,0.3373202268838561,280,-0.025813150496114823,514,True,gujarat,mahesana
134,9,568,0.31171190930127574,30.95083330120545,20.22387390054401,19.419267249671925,22.022904268152654,17.036371161039458,3.400727128360766,0.3930298962899634,281,-0.08131798698868764,377,True,uttar pradesh,bijnor
145,9,463,0.31314447433368514,32.96515711463642,31.03284244328649,12.124809807623683,28.729817434609846,19.107052555738136,3.2744258091739153,0.41769488859859183,282,-0.10455041426490669,292,True,uttar pradesh,mathura
452,23,364,0.31327939258008936,32.47201770088988,11.589819091130673,21.41911992604037,19.746890777345016,18.146504612810034,2.5443234659836187,0.3879132539983655,283,-0.07463386141827616,398,True,madhya pradesh,narsimhapur
396,21,263,0.3140281035845511,29.664855186164907,10.578816175591648,25.495883336947415,22.764489090828825,24.425144342633033,1.97184734685276,0.40370925792088713,284,-0.08968115433633606,346,True,odisha,rayagada
467,23,396,0.3145725365284105,33.026952182785514,37.96517295283364,15.771555393453367,15.883016275229958,17.320906347168442,2.9844832435767104,0.4462620375276511,285,-0.1316895009992406,213,True,madhya pradesh,burhanpur
497,27,340,0.3148644266053922,32.08789163615506,50.8829560421866,16.33622446269135,24.39879790481457,23.78539733867196,2.2052997732891044,0.31809562584067924,286,-0.00323119923528703,571,True,maharashtra,nandurbar
856,24,287,0.3172084381820908,30.74282342713643,44.84081953152459,10.248079880028584,19.99423580843441,17.965710738101063,3.4937674686778952,0.38674404299318454,287,-0.06953560481109372,407,True,gujarat,junagadh
187,9,536,0.3207212578663741,29.862348747196734,45.309718098877255,33.758191300618535,24.290853166030782,29.51500026497699,2.6224347059843924,0.30143106354808846,288,0.01929019431828566,600,False,uttar pradesh,mahrajganj
361,20,418,0.3220631934327681,30.98175081467722,48.10198384066575,30.670524637048793,27.879459214459725,26.3546907568226,2.5782816688540304,0.5458643089608076,289,-0.2238011155280395,41,True,jharkhand,ramgarh
493,24,270,0.3230057040403706,31.48349495503122,51.14973520470811,20.555990804814634,25.508904310358737,24.422139599090563,2.3441239689854303,0.4214087286250018,290,-0.09840302458463118,306,True,gujarat,tapi
423,23,299,0.3231405869139951,33.23391235281836,12.674964357693803,16.039292151468267,22.482359379815414,20.875514507812042,2.5929439910386995,0.373303571870239,291,-0.05016298495624388,464,True,madhya pradesh,shivpuri
555,29,363,0.324253580460056,27.858721456646922,59.5015449414934,13.47118844566386,24.906238203093682,21.280760338511794,3.075705436379212,0.5135340326695287,292,-0.1892804522094727,83,True,karnataka,belgaum
124,8,533,0.32459653286101514,32.607094156154574,33.92137965654,13.373417466389458,24.2241848945581,23.143982371543018,2.36150860318178,0.34544602031617067,293,-0.020849487455155524,531,True,rajasthan,dungarpur
367,20,386,0.32463391354577176,30.997890089300977,4.530516088384361,25.189305012070218,26.76149041771606,30.116284009046776,1.454539063659435,0.3323523328025097,294,-0.007718419256737941,559,True,jharkhand,simdega
818,18,274,0.32486325002299044,28.362259221023486,51.28917711134245,58.99381002219853,22.49078630268808,24.54849265541739,2.286112769203851,0.43331752721085953,295,-0.1084542771878691,279,True,assam,sivasagar
405,22,403,0.32489134433587047,33.47446671506657,44.93368497232827,24.584471411849826,19.884283562850833,16.18003901440833,2.605351565766073,0.3753693099544909,296,-0.050477965618620446,462,True,chhattisgarh,janjgir - champa
480,24,312,0.3251664267567911,31.637791992983857,59.46709844241663,9.45241642799127,32.57481196754419,20.949682251090934,3.418423533879752,0.3842565218685225,297,-0.05909009511173141,440,True,gujarat,amreli
849,24,347,0.32526385612033265,32.66555170817242,39.74175698117579,12.33521297486113,22.55541990771716,24.766642341495764,2.522015071784389,0.3511808222688601,298,-0.025916966148527454,513,True,gujarat,aravali
438,23,246,0.32957572896923415,31.908351659866707,,16.10542882158165,21.541928156815292,21.435394074550814,2.568683235783136,0.34272494798679254,299,-0.013149219017558389,548,True,madhya pradesh,dhar
443,23,396,0.3308833603904281,32.833891763098144,11.53374835714042,18.266374727422757,22.884900454099096,20.21300271803891,2.642317771331388,0.3395314409137069,300,-0.008648080523278812,555,True,madhya pradesh,vidisha
139,9,496,0.332062496166393,31.6764082196768,17.39222600998248,13.220507324187968,21.959630879930955,16.04269504754128,3.761998799068465,0.533001450257578,301,-0.20093895409118495,66,True,uttar pradesh,baghpat
412,22,368,0.3322420744181051,32.06542809250471,31.934915448625624,26.673687196890985,17.01803129726896,15.858858326794563,2.9405663493827774,0.43500049167269483,302,-0.10275841725458973,294,True,chhattisgarh,dhamtari
126,8,359,0.3325635284185445,32.24278027777661,19.679851404829943,12.732139818603317,23.48770817753956,25.517655817268103,3.055420564155033,0.4844336721634793,303,-0.15187014374493485,157,True,rajasthan,chittaurgarh
390,21,314,0.33467781617179143,28.847045868659848,8.19081277607803,23.774490045725205,26.734541061613232,24.61247726966647,1.84512524062876,0.424260863933845,304,-0.08958304776205356,347,True,odisha,kandhamal
593,32,251,0.33553603197221693,28.806628935677,66.8719741525284,45.95363518643864,25.28453373507539,15.051440675400599,3.6298500688039947,0.665676018895759,305,-0.3301399869235421,6,True,kerala,palakkad
128,8,471,0.3358974739536472,33.36941829064678,26.26278829262828,15.317131651544516,20.254611409699123,22.52512039247402,2.6833911418180594,0.37390584237805974,306,-0.03800836842441252,493,True,rajasthan,baran
138,9,446,0.3368654861040709,31.57211312904143,16.667319429228925,14.637498230401585,20.206073439704422,16.573709804681897,3.9791170745118234,0.5196031479150882,307,-0.1827376618110173,93,True,uttar pradesh,meerut
370,21,265,0.3368949946790023,32.84841264552099,6.7997103623515835,25.14817427510357,20.706339513223288,20.581545653565502,2.2321133573455354,0.42874138922667937,308,-0.09184639454767707,336,True,odisha,bargarh
225,10,425,0.33691632194290083,31.270685871123227,53.12760449330081,31.54726707040819,30.422013223558974,31.879326539802822,1.9709350907615844,0.3181722084817811,309,0.018744113461119705,599,False,bihar,banka
389,21,295,0.33815917157897063,28.469130129889827,10.114952875953355,21.246121682352033,24.824033812120874,22.481855612869058,1.977291659108023,0.4384692402179628,310,-0.10031006863899217,299,True,odisha,gajapati
222,10,506,0.33845192438155663,30.737032309729866,64.91190588587321,27.36238025211191,30.74270604770225,24.59304402798138,2.15827275600323,0.33688886937331225,311,0.001563055008244385,581,False,bihar,begusarai
143,9,410,0.3386240629065647,32.74101299797809,21.64762070556768,12.787337078226173,26.481647904721516,22.31608700609298,3.4225543335847197,0.43187631066254706,312,-0.09325224775598234,327,True,uttar pradesh,aligarh
482,24,258,0.3400723661645703,31.28448027560158,45.999705391729634,11.255660576389086,20.993827892518336,21.10068688134242,3.33275511481809,0.36269015975559715,313,-0.022617793591026836,523,True,gujarat,anand
47,3,320,0.340894092560413,32.139410020152184,34.807317218154175,11.62756440677171,23.43294930782217,14.698750652891677,3.994035442030609,0.6777659281975011,314,-0.33687183563708817,4,True,punjab,mansa
880,3,330,0.3410309323654755,31.99391260670487,34.09546851981875,16.335857651737104,21.2699582221805,14.639771069933657,4.039010140334723,0.5822124497308313,315,-0.2411815173653558,31,True,punjab,firozpur
136,9,503,0.34191718200713683,30.971844262323607,26.681591094115,19.71189386465186,20.193668672303037,15.273161582874586,3.217129484678483,0.301461339188619,316,0.04045584281851783,622,False,uttar pradesh,rampur
278,14,284,0.342706135608102,24.812208048997153,59.08876628763316,58.43520634468051,48.212517097393146,17.33998516491651,2.68319325701102,0.48222265648498736,317,-0.13951652087688537,191,True,manipur,imphal east
175,9,443,0.3455138039253045,32.75659161992116,5.433298772722814,15.281119131503306,25.21555376219159,30.25413705454472,2.4432140793933077,0.32884868863636035,318,0.016665115288944155,597,False,uttar pradesh,allahabad
356,20,429,0.3473395387604777,29.37244830826504,5.081793811974958,27.826481201793626,23.244649613133443,25.745035291289092,1.870048044205281,0.40760855782847033,319,-0.060269019067992646,436,True,jharkhand,lohardaga
19,1,374,0.34901113920697874,25.510447340187426,41.27262448583503,37.21459702504711,23.53798079967054,20.57216017224987,3.262994825294681,0.5369555433939796,320,-0.1879444041870008,85,True,jammu & kashmir,udhampur
583,29,271,0.34972573695805365,27.078015238741646,65.37368803959728,17.37067423594714,44.329179383128306,17.609658369954015,3.783017770500736,0.5531719325981416,321,-0.20344619564008792,62,True,karnataka,bangalore rural
11,1,402,0.3499301157463934,19.978685074937403,36.47004244324901,38.66348793946763,15.339545542700748,16.44014522216362,3.048676325765857,0.37536939261964986,322,-0.025439276873256478,515,True,jammu & kashmir,ganderbal
579,29,393,0.3512596786024751,31.459358343632015,48.800834192163336,10.24141592588543,23.642463095014232,28.21987125824218,2.7414040164298035,0.5686377996971638,323,-0.21737812109468868,47,True,karnataka,gulbarga
315,18,281,0.3517974409014024,25.293576856690425,59.132502044228,71.09612096880704,34.699366627756056,24.22811486401789,2.1622361337230136,0.44654532389588963,324,-0.09474788299448722,320,True,assam,dima hasao
558,29,430,0.3524738111821945,30.722109576166194,54.92825747533129,12.262176524228375,21.853384181829806,21.483754195538836,2.734309828760634,0.6568036481574274,325,-0.3043298369752329,10,True,karnataka,bidar
422,23,371,0.35502457764041895,33.70626353663082,15.404258857324221,14.365366189887643,21.42679888260707,21.94407884084822,2.7818976824743946,0.38241705180900415,326,-0.0273924741685852,508,True,madhya pradesh,datia
164,9,377,0.35679953202619447,32.911234403222885,43.23012715196202,12.651717497052024,20.76593914534425,19.858353946979477,3.407259724629864,0.484447803933974,327,-0.12764827190777955,229,True,uttar pradesh,kanpur nagar
364,20,441,0.3581370959283197,29.644163327613178,4.234947097237641,31.188637710262864,24.572224255313014,20.43512625842178,2.6909259498347025,0.5111771523794432,328,-0.15304005645112345,154,True,jharkhand,ranchi
400,22,324,0.3585628751534884,30.67178898491804,7.871658078954683,20.692790802065705,22.161233187325994,23.232748452965712,2.2478469068424887,0.39537877664939086,329,-0.03681590149590247,496,True,chhattisgarh,koriya
848,24,293,0.3595272116311054,32.590182481490274,42.25000190810706,9.792643984629148,16.353205413969206,14.770560993907019,4.0929210830834375,0.5002383050757462,330,-0.14071109344464078,188,True,gujarat,ahmadabad
473,24,262,0.3659371694261849,32.67945787499842,41.365390249932055,10.362148366702087,19.09990665597149,19.471785736920406,3.6194555940198714,0.3874173271826833,331,-0.021480157756498364,528,True,gujarat,gandhinagar
230,10,347,0.3666973950967388,31.491893394726887,63.68299141668281,21.793142815190233,22.159511273596788,19.522545363571005,3.199349120063204,0.4382895395805226,332,-0.07159214448378376,403,True,bihar,patna
9,1,460,0.3687435856675647,21.08137621780788,35.82829193158502,38.829619836102346,20.969199598990304,22.37169047299431,2.7251852657149134,0.3425287161761545,333,0.02621486949141022,610,False,jammu & kashmir,bandipore
348,20,468,0.36950058642263706,31.24259723948096,6.221349565981675,26.9481733830644,26.239910727328795,30.085755009264734,2.272698862374711,0.390978896826263,334,-0.021478310403625966,529,True,jharkhand,kodarma
568,29,267,0.3695554544950641,27.405469382454655,67.03222874062632,19.603471673281618,18.7002523894723,15.67831127314187,3.5008696511766932,0.5658482013796379,335,-0.19629274688457377,74,True,karnataka,shimoga
399,21,358,0.3697819810004348,31.286007060954038,33.44394192213407,27.132648966005835,22.138680911817712,24.05904264949638,1.7319993746147482,0.44900576741603193,336,-0.07922378641559713,385,True,odisha,malkangiri
574,29,273,0.3699510915416487,26.296159160019748,63.3655118700499,23.59027426824851,24.273746893547127,17.048250939772302,3.359817965626059,0.6059919721442912,337,-0.23604088060264256,33,True,karnataka,hassan
61,5,292,0.37184895117467953,25.52282079727098,49.54385252960577,28.19679480131363,20.658843655282784,17.773871330061585,3.0146711902497034,0.6372343217629001,338,-0.26538537058822054,19,True,uttarakhand,garhwal
310,18,322,0.372015143558592,28.00893862888323,39.459800488391075,58.163129232548194,20.884272011295216,24.302539288647445,2.2388840521686717,0.43007893651995815,339,-0.058063792961366156,443,True,assam,dibrugarh
492,24,295,0.3722874505893596,30.391525933093117,44.749932492716646,17.62090940747382,20.33451574312397,18.77262822561503,3.956331756827782,0.5395671930237732,340,-0.16727974243441363,118,True,gujarat,surat
274,14,263,0.37414527534870556,22.855997077945975,77.43418394677312,65.30904353575087,41.04474204184516,19.322549377791866,2.528989777487291,0.4861852902752606,341,-0.11204001492655502,269,True,manipur,churachandpur
354,20,444,0.3741455260446593,31.725876384159044,46.40582037487582,32.03262372694946,27.854372824573588,24.779756527183622,2.926235294360841,0.6231363487247752,342,-0.2489908226801159,27,True,jharkhand,dhanbad
557,29,320,0.37570034346379594,30.730801221142244,60.685705560204504,8.696554942210971,32.03708606492661,25.30788421092986,2.844974747836746,0.4611146261513558,343,-0.08541428268755985,366,True,karnataka,bijapur
879,3,364,0.3772076821531376,32.64512593232451,38.24130860202696,11.368754165596386,26.477173290821906,16.107359775440813,3.7111996079080924,0.5868011980341633,344,-0.2095935158810257,56,True,punjab,fazilka
590,32,211,0.3790703248416764,24.557902514345937,59.07375174477736,47.23625692953154,27.424750754370972,13.635258576772909,3.4943977334509984,0.5742751318435684,345,-0.19520480700189197,75,True,kerala,wayanad
309,18,344,0.381490854230993,27.6964930435259,41.10380461715023,54.85779918252417,20.555118111768248,21.946302132091215,2.2021588178296274,0.44397376968352137,346,-0.062482915452528376,431,True,assam,tinsukia
547,28,209,0.38180201135577846,32.09628556107755,53.18422206295146,17.091018388922652,40.37100739388901,20.313846126749265,3.4068574820542445,0.6314037990925296,347,-0.24960178773675118,26,True,andhra pradesh,krishna
567,29,252,0.3833687294755167,28.17104976890365,65.68868660792793,11.766491506720302,28.856924631013936,20.95109222263423,3.216018847674192,0.5134550994950564,348,-0.1300863700195397,217,True,karnataka,davanagere
270,13,242,0.3880569717108396,21.624182449614292,61.597259005797916,59.38655759340196,23.87416917135388,12.576826654339825,3.0579485173952983,0.6493595688708429,349,-0.2613025971600033,20,True,nagaland,kohima
107,8,462,0.38986908050152275,32.963296857145515,22.235985862567457,13.666882225926505,24.740195438517073,23.366382442834933,2.5821726332404134,0.4680782446194906,350,-0.07820916411796786,386,True,rajasthan,karauli
391,21,305,0.3898861699629431,32.95528032881883,8.173243444136883,23.310814137766275,22.00863964645434,21.35649013257106,2.272932077197726,0.45629238257050353,351,-0.06640621260756041,417,True,odisha,baudh
224,10,479,0.3900918313192238,30.23921423831978,52.181251502287786,33.014046723685134,29.64164968048779,25.46279593796575,2.456208474142606,0.4303198953129258,352,-0.04022806399370199,485,True,bihar,bhagalpur
395,21,332,0.39155739752643326,32.26317927459772,6.933268170364518,27.391578338687925,21.13480815967459,19.973284226193197,2.0228109731700177,0.40769345348002756,353,-0.016136055953594297,543,True,odisha,kalahandi
117,8,529,0.3939433807614185,32.34604679151273,41.678932707924425,9.593866964183393,25.36313126595388,26.133848642224766,2.8135595961132434,0.4118710564461128,354,-0.017927675684694333,540,True,rajasthan,sirohi
392,21,334,0.39423947634569756,33.12528923358143,6.9671484601513765,23.801440758228118,21.91632187537476,19.740062598472818,2.4427982596000013,0.477376892210631,355,-0.08313741586493345,373,True,odisha,subarnapur
357,20,340,0.39551269577862164,31.324381056709708,13.156098967599865,33.05517051160252,23.22121513880336,21.4504762226065,2.993379099750425,0.6672039846039864,356,-0.2716912888253648,17,True,jharkhand,purbi singhbhum
871,17,422,0.39596061800487337,25.7372906882664,60.7565100352908,87.8391372444799,23.755964182424908,17.186175087078087,2.4115653287240906,0.48418175796948554,357,-0.08822113996461217,353,True,meghalaya,east garo hills
122,8,410,0.3964299029330306,32.42209909208118,15.687451815134695,11.23579851150021,24.261607523882684,24.49564014591437,3.0615704124362315,0.5338348335961378,358,-0.13740493066310722,196,True,rajasthan,bhilwara
435,23,348,0.39740696466339676,31.522173117863115,,17.68068959336329,22.43389937982626,21.6742884271672,3.3553828821801797,0.44169706173717865,359,-0.0442900970737819,478,True,madhya pradesh,ujjain
3,37,297,0.39795461231677265,9.735201920578648,41.33760204025677,12.206029487471698,17.571078780507374,31.72227585809251,3.1826200795894604,0.64458049694679,360,-0.24662588463001733,28,True,ladakh,leh(ladakh)
876,17,335,0.3987176338844182,27.485559475287854,60.36522689795013,74.62801486596271,21.225146551145468,15.44202638844087,2.574519527012131,0.5189929253494553,361,-0.12027529146503707,247,True,meghalaya,west garo hills
121,8,448,0.3994372679109096,33.31407943724653,25.950365703118546,13.580594726789394,23.00146175578234,25.057087777645688,2.7612634327314485,0.47720276746389945,362,-0.07776549955298984,388,True,rajasthan,bundi
576,29,238,0.4007583976451317,24.393972917562927,64.06842701969914,49.52260345479402,24.659784728579247,19.008443892427636,3.318863509684391,0.5564799968985144,363,-0.15572159925338264,146,True,karnataka,kodagu
873,17,488,0.401862394840723,27.39747609625869,58.40802898777282,82.35777496089551,29.2183730243567,16.278764535284868,2.0926322031761875,0.41054084916173345,364,-0.008678454321010443,554,True,meghalaya,north garo hills
130,8,475,0.4035665527877667,31.607116091958247,29.42061508036842,11.922706389939437,23.22272266886437,23.715733943447525,2.8593072925515695,0.44586847229358073,365,-0.04230191950581402,481,True,rajasthan,udaipur
582,29,246,0.4036525663408428,27.37466548055607,71.39054139210367,15.507146339659116,44.16527262867704,16.974304337343877,3.5912969526149894,0.5576249462378483,366,-0.15397237989700552,151,True,karnataka,chikkaballapura
115,8,711,0.4069724901081129,33.649485247644165,53.86761185426788,5.090397328835467,37.04503533486612,18.60726617346268,2.8207161258887448,0.4019750542521459,367,0.004997435855967014,584,False,rajasthan,barmer
864,24,256,0.4105921291877202,31.95582748776728,44.89053121196808,12.720554073693615,24.52777099752897,20.910378030626408,3.7735529872932974,0.41531613023968017,368,-0.0047240010519599696,567,True,gujarat,vadodara
53,3,307,0.4123228277711542,31.589387222882007,32.42444158956827,14.222106299641053,18.878720453122803,14.200910212216025,4.200421710402489,0.6215252262945927,369,-0.20920239852343853,57,True,punjab,sangrur
105,8,514,0.4128218130163069,32.97604143271981,28.69822277876232,12.064213994565321,36.06656939869609,20.606873141306597,2.777519656891625,0.49863049045331415,370,-0.08580867743700726,363,True,rajasthan,bharatpur
566,29,231,0.4134935632976043,28.647251632665217,70.50563727965618,10.52523687105905,32.44222033157229,23.577824766017557,3.0017039365963334,0.4627449832127939,371,-0.04925141991518961,467,True,karnataka,chitradurga
914,16,241,0.41434461574054615,27.758340794893915,79.22399674711174,69.9698902658357,25.808825913365315,19.33677073166702,2.0712647713644285,0.4157275476179039,372,-0.0013829318773577737,573,True,tripura,gomati
355,20,385,0.41543673974253714,31.758173017188163,50.735012392540234,31.33042695419821,26.68989179462157,27.137932441879492,2.6983781930218234,0.5213583885814453,373,-0.1059216488389082,286,True,jharkhand,bokaro
18,1,382,0.4155665886170255,17.609630756754893,33.91247865174022,34.77741340817134,20.27867499046284,20.432004406435556,2.860426014951171,0.43802101203133254,374,-0.022454423414307034,524,True,jammu & kashmir,kishtwar
106,8,488,0.41994465953763555,33.21004945450369,25.434743666761545,13.197986591676527,25.551686369676663,22.11496100642414,2.7428772468138924,0.43370834392163865,375,-0.013763684384003105,547,True,rajasthan,dhaulpur
562,29,334,0.42243290898873176,27.85306130207568,57.62384143694353,12.671533314630576,23.8374303935229,18.46743706690223,3.38737523149743,0.5717255007325152,376,-0.1492925917437834,161,True,karnataka,dharwad
883,36,311,0.42264496471739793,32.822941372774046,61.715513373119286,17.654347657336103,33.28837586041128,25.53029258944417,2.752924460513453,0.5893275378776741,377,-0.16668257316027618,120,True,telangana,adilabad
512,27,355,0.42319132002547366,32.20381969593959,51.63585925085638,15.089411715530282,24.82502021489078,20.691728051885892,2.890869790991893,0.545427094428268,378,-0.12223577440279432,240,True,maharashtra,hingoli
298,17,374,0.4237781215065824,21.294373216169802,51.00925828533034,119.10997148249308,25.710441753561035,14.568262729732947,2.751549456551089,0.5286516835065922,379,-0.1048735620000098,289,True,meghalaya,east khasi hills
263,13,195,0.42393522411053103,22.007583989532364,,60.30001711887865,19.693220995934325,15.197822480596795,2.06099864831942,0.5115548678838447,380,-0.08761964377331372,356,True,nagaland,zunheboto
343,19,344,0.4251394955414356,29.833885940948942,48.800405678738315,46.2964792070377,25.222598368014236,21.952910782676106,2.1801011975091775,0.65912093983134,381,-0.23398144428990442,35,True,west bengal,south twenty four parganas
419,23,404,0.4261176942857345,33.21846124216655,23.032697596864153,13.862843275170798,17.074577866114293,18.518720150609578,2.957679373749557,0.4176973129545952,382,0.00842038133113926,588,False,madhya pradesh,morena
498,27,267,0.4268600272457739,32.38117507926578,56.90523628864266,13.720993776605223,21.242141376796283,23.411819031451383,2.9416342583342003,0.44765803172414476,383,-0.02079800447837088,532,True,maharashtra,dhule
331,19,361,0.4270124696270618,28.914255072694285,47.38690248831132,48.458745959393795,26.21166527247642,22.356177346614743,1.9287547011399166,0.49179530891834317,384,-0.06478283929128137,426,True,west bengal,dakshin dinajpur
508,27,250,0.4299350591837086,33.12401497148342,54.61567699857378,23.229611192792962,23.329105288950707,22.006470559963287,2.5506408217676437,0.5118369174736787,385,-0.08190185828997004,376,True,maharashtra,gadchiroli
328,19,345,0.43058266681194624,28.365162781943642,52.78412515662728,73.9833806298191,23.362286841125762,21.127676135070434,2.240977571371603,0.46756182232286164,386,-0.03697915551091541,495,True,west bengal,jalpaiguri
570,29,225,0.43420445030245874,25.75601860075305,67.59511881708546,21.360687433423855,24.81906045868589,15.697097045329452,3.3143225390311764,0.5535546304049052,387,-0.11935018010244641,248,True,karnataka,chikmagalur
123,8,478,0.43524869217644935,31.14365912925923,35.90647495405432,10.301850521723962,21.484087993515452,21.500409122403184,3.211837969554977,0.5285272607230237,388,-0.09327856854657435,326,True,rajasthan,rajsamand
420,23,348,0.44033859048575924,33.346970483530974,21.08946301653282,13.023298441980868,19.754239994017038,17.562015833100318,2.9349617227918423,0.39366705201954905,389,0.046671538466210194,630,False,madhya pradesh,bhind
424,23,247,0.441011306918287,33.68396500121531,8.470721292048232,16.30590374924656,25.89621931622408,23.359891363706527,2.6500869110897103,0.28191220805188544,390,0.15909909886640156,691,False,madhya pradesh,tikamgarh
344,19,319,0.4436654810012195,30.862928036451223,39.87861562945746,38.183724008838276,24.415862832377478,24.65406432321076,1.7956605418449025,0.6334350656541349,391,-0.18976958465291538,80,True,west bengal,paschim medinipur
500,27,313,0.4436900440102126,32.44628499579813,61.31369956006666,14.878913202453218,21.434175124375297,17.660708914715208,3.2755958972832055,0.6098553994321771,392,-0.16616535542196453,121,True,maharashtra,buldana
920,16,213,0.4444788884913865,27.995666483855217,79.99877777597946,65.33111978360411,19.740035708600743,18.006142902705527,2.6413437367749544,0.4918957931836415,393,-0.04741690469225501,471,True,tripura,west tripura
50,3,328,0.44452983188087103,31.764307730985365,29.211677405529795,19.892851261385573,21.461446752373686,14.856270096138394,3.880499688694341,0.5813361537952371,394,-0.13680632191436604,197,True,punjab,tarn taran
592,32,279,0.44727962426327295,29.263236331989816,73.34617207470671,47.23775992673821,28.42885407187781,13.632566836082814,4.1566086220555505,0.6458533875621886,395,-0.19857376329891563,70,True,kerala,malappuram
45,3,272,0.44728253900943404,32.11711134795473,34.404439803241104,13.919111091329011,33.19432723758985,13.566135132836143,4.129370935949859,0.5962815972293175,396,-0.14899905821988346,162,True,punjab,faridkot
332,19,417,0.44751339943309854,29.282658868829838,52.26572296999398,41.292078956133345,23.647339580310913,23.312911279647903,2.1189310007766893,0.44810469841985573,397,-0.0005912989867571938,576,True,west bengal,maldah
340,19,346,0.4493673875467849,31.68141861122238,44.34867554118342,32.43436912829239,24.759470900516718,27.880987854174485,1.6801513787476534,0.4212866562195587,398,0.028080731327226216,611,False,west bengal,puruliya
120,8,476,0.4498883389077564,32.96050528590491,23.936536197170547,12.656039077205477,24.150432122587265,25.343320257982196,2.719426407586369,0.5353938412707908,399,-0.08550550236303439,365,True,rajasthan,tonk
382,21,276,0.45033214110222136,30.787312703707254,39.713014415236884,25.223407443531954,24.493926981974177,24.849234884249917,2.1473620209945397,0.5790396068536834,400,-0.12870746575146202,225,True,odisha,jajapur
563,29,274,0.45089296558937414,27.81232672166091,61.10537113764346,26.355556320887324,25.635718345470316,17.600901212867047,3.188110592893059,0.647697576373919,401,-0.19680461078454486,73,True,karnataka,uttara kannada
264,13,214,0.452335558034321,25.20905273522084,,58.01481168112474,29.31507766993308,16.90108361667449,2.580624445648266,0.5299747443519254,402,-0.07763918631760436,391,True,nagaland,wokha
114,8,621,0.45399002092791474,33.74977992830362,42.98829271002911,4.4702288436686555,39.314217073900025,21.192421804958943,2.9916433574325345,0.5366805223334759,403,-0.08269050140556111,374,True,rajasthan,jaisalmer
42,3,292,0.4550190574957564,31.806842846302388,32.64928004460898,16.01990428594362,18.60651968008652,14.0212183211364,4.130942183680385,0.6446609338839939,404,-0.18964187638823754,81,True,punjab,moga
330,19,442,0.45526147601033135,28.79075770604255,48.14528272694126,52.99856415469315,24.50984787662496,20.693287686834115,1.9362281297472503,0.35442620893487176,405,0.10083526707545959,667,False,west bengal,uttar dinajpur
329,19,380,0.4562914711714789,28.44571299476376,52.242707215850565,72.73007715611875,24.364088364072707,21.953932466224046,1.9658074304406794,0.3815287496404702,406,0.07476272153100871,654,False,west bengal,koch bihar
56,5,344,0.4611212153456443,17.456857357427943,54.42305097224842,35.435992770942896,16.582836049856535,17.66383074213712,2.852618132393114,0.596865836060987,407,-0.13574462071534266,205,True,uttarakhand,uttarkashi
814,18,275,0.4620346816108736,28.390221341910394,52.30280683220248,56.75464509607749,21.478244011306327,22.258110586665403,2.5030599089102674,0.4499882352849412,408,0.01204644632593238,595,False,assam,jorhat
502,27,327,0.4620403930264156,32.223488528661235,59.71791619470927,15.659690541070447,25.418683821694813,22.091844187604945,2.9760402759704716,0.5525427780073542,409,-0.0905023849809386,342,True,maharashtra,washim
552,28,259,0.46288343857066333,31.34102880347559,62.322269901315536,8.91934714256639,25.24698338383313,19.209565546770808,3.116212784718204,0.6149263707616485,410,-0.15204293219098514,156,True,andhra pradesh,kurnool
545,28,220,0.4640870697273733,31.076020616239543,50.827699558382456,20.001886434957004,45.52549402325799,22.985564213288214,3.348255560959365,0.640742241603148,411,-0.17665517187577467,100,True,andhra pradesh,east godavari
89,6,453,0.46443637374811825,32.65069671826577,22.635413170597857,11.67279604726099,21.80088792627553,14.388893990551816,3.689097184938638,0.5443566562106243,412,-0.0799202824625061,383,True,haryana,palwal
605,33,221,0.46620724584571793,30.604846122587528,31.51729173290346,18.254270003333076,22.341286586993224,19.682575181869318,3.5402116218628716,0.7988450897558388,413,-0.33263784391012086,5,True,tamil nadu,vellore
384,21,309,0.4671934446214436,31.98885536834691,31.973351107702626,22.267833209391323,26.50835115542238,22.777652430133514,2.286833675890435,0.5356610881148082,414,-0.0684676434933646,413,True,odisha,anugul
584,29,199,0.46779871518388716,27.874834988895568,59.55489173532297,18.842910875482357,38.70522142247947,17.204575592657005,3.746367004081312,0.6083474152495502,415,-0.140548700065663,190,True,karnataka,ramanagara
226,10,441,0.4683324730446827,31.041921533380407,58.71385702781332,28.927543536607345,35.13740087702636,26.763064346048573,2.714097650174726,0.4264926015678537,416,0.041839871476828994,625,False,bihar,munger
376,21,290,0.46881307351192214,30.563975117754843,37.299301820839155,32.32492657209067,24.97755487583935,23.658526247328187,1.465029434465358,0.46404529366936864,417,0.004767779842553499,583,False,odisha,mayurbhanj
108,8,440,0.4690901043797794,33.03467790923783,19.74115841382162,13.876105429090206,25.219812022354,21.17605058757988,2.842644736877422,0.4635003313399034,418,0.005589773039875956,585,False,rajasthan,sawai madhopur
10,1,281,0.47030891229918786,23.43499802037553,44.05840511087833,41.5050030094705,18.61203083097858,14.530474225066007,3.982802554512493,0.6096350376400624,419,-0.13932612534087457,192,True,jammu & kashmir,srinagar
373,21,260,0.47428480756316743,31.92875578104653,34.996367932419155,23.18138092154244,26.710370324995463,23.931911438803272,1.8216377274608815,0.471331679397521,420,0.0029531281656464126,582,False,odisha,debagarh
923,9,276,0.47553464802331563,32.26356519289055,16.871097928871382,12.542611565366343,42.87892531115411,17.940768710849774,4.529467733532973,0.689064508554086,421,-0.21352986053077033,52,True,uttar pradesh,ghaziabad
495,25,219,0.4770741923910911,29.764013485402927,62.404425368395444,21.714142531826987,49.50218037843404,19.02402234278709,3.810280571752598,0.6771159037005122,422,-0.2000417113094211,69,True,dadra & nagar haveli and daman & diu,daman
503,27,324,0.4773862125839533,33.11131574220829,56.96194460869275,17.85564626127145,15.936608295648133,16.88418025633896,3.4136645504340986,0.6069635850865734,423,-0.12957737250262014,219,True,maharashtra,amravati
421,23,320,0.47742903053783636,33.110940832981406,19.984418604957234,14.220355677014718,19.43420615355878,15.270891056967686,3.8135710623227737,0.5754279700368827,424,-0.09799893949904637,310,True,madhya pradesh,gwalior
509,27,268,0.48002480685545756,33.582858656797264,58.37869206036398,21.68904205776795,17.86139129770683,19.071774772423954,3.4598109859729695,0.6908824474231382,425,-0.21085764056768064,54,True,maharashtra,chandrapur
806,12,397,0.48069340206623945,27.42429097967739,20.69739095165746,50.990591937363234,21.91144227346298,17.710164925175008,1.895331308634626,0.4358963631739675,426,0.044797038892271934,628,False,arunachal pradesh,namsai
491,24,299,0.48071249479330874,30.005805104532268,50.79294073529149,22.073821555859396,37.103381867211546,19.139941254466432,3.24985286744389,0.5482530306577084,427,-0.06754053586439962,415,True,gujarat,valsad
387,21,253,0.4811056132605082,29.662205628142438,7.656094279724507,21.97216335943035,23.859259726480417,22.590886197990315,2.687536516821153,0.6324488002813696,428,-0.1513431870208614,159,True,odisha,puri
507,27,259,0.48169618273785386,32.90078696886932,52.161135695432094,26.352807269136395,19.953256650041286,17.216275997968864,2.8552980360421656,0.507008692722937,429,-0.025312509985083165,517,True,maharashtra,gondiya
513,27,263,0.4822198224904598,32.24763783701515,53.703442935018415,13.986422812700466,28.455123167825125,23.17059504751889,2.9220378974179524,0.583796598583951,430,-0.10157677609349125,296,True,maharashtra,parbhani
803,12,227,0.48269976685928756,22.074723610775568,46.63321295564436,51.05367004155458,15.476659950916629,17.806224240861248,2.0764852102501803,0.5724513810028102,431,-0.08975161414352267,344,True,arunachal pradesh,kurung kumey
589,32,225,0.48272373391346046,28.845007026776138,64.17143183878107,46.71311753086494,29.101954689964533,12.761309619090285,4.340313334531607,0.6145696908346879,432,-0.13184595692122747,212,True,kerala,kannur
455,23,309,0.48301126276873435,31.026192744337965,13.679321781118121,22.817805448962524,23.950001191665415,20.953653666570013,2.5015435397213057,0.40877907979807815,433,0.0742321829706562,653,False,madhya pradesh,chhindwara
499,27,260,0.48469418878996623,32.92986632882444,59.206816478030724,13.102345506053505,21.310553038862885,21.25864765550865,3.4738103682761072,0.5610783886749289,434,-0.07638419988496264,393,True,maharashtra,jalgaon
526,27,314,0.4860420527089382,31.041378879045503,61.51311376859239,9.833949690793172,27.057824973913327,21.833744334251133,3.132009974737501,0.5632979556323954,435,-0.07725590292345719,392,True,maharashtra,solapur
890,36,241,0.494718534460447,31.769894701249992,58.33274675099573,14.023627041133953,41.31364830682305,21.792948190024326,2.891042729328577,0.63097078130006,436,-0.136252246839613,199,True,telangana,kamareddy
501,27,326,0.4950634354729177,33.51267320577481,60.114616382368446,15.633519167896175,16.545064027998915,16.673960272548015,3.542666296621062,0.5935922349621754,437,-0.09852879948925769,305,True,maharashtra,akola
514,27,291,0.4956552779085386,31.449296095074104,61.060064354467364,13.317745697702849,29.258272243118572,20.105101904089555,2.898143461919886,0.5759527448769854,438,-0.08029746696844686,381,True,maharashtra,jalna
44,3,295,0.49585212197455797,32.394585777502826,38.37891246377527,11.841005474059974,25.301807533565526,14.786618212830637,4.00589364149485,0.5564232645153362,439,-0.06057114254077822,433,True,punjab,muktsar
141,9,322,0.4968813564811746,32.46292586455052,20.072254002327032,12.269300145509414,36.1615478370557,14.914216319314901,4.1124636481746775,0.5510810726095441,440,-0.05419971612836949,452,True,uttar pradesh,gautam buddha nagar
46,3,256,0.4987990573257626,32.265636710294274,36.19636020944528,12.01294125608737,19.640996429013516,16.249815230563826,4.009402397077214,0.6561371029394941,441,-0.15733804561373155,142,True,punjab,bathinda
277,14,236,0.4993925140861196,24.64849409916032,69.63704424732146,57.80157350131438,43.95232346509223,17.670065628146276,2.973360691601014,0.5599256782398621,442,-0.060533164153742436,434,True,manipur,imphal west
516,27,314,0.5014699235748042,29.597485420555387,59.20428174635359,14.812962356091912,21.512484857654215,21.740507811887237,3.0579831428996855,0.5937491766045041,443,-0.09227925302969986,332,True,maharashtra,nashik
345,19,307,0.5017951943515303,29.97752911665618,40.95056907224032,41.980432060569214,30.80370685133396,20.53528763246672,1.895323159168554,0.5814850866547261,444,-0.07968989230319579,384,True,west bengal,purba medinipur
457,23,276,0.5030321990040819,31.750334037500004,9.207015203180994,27.2412624949011,20.902459513086757,22.012721023545087,2.073911726911599,0.3330101933267152,445,0.1700220056773667,694,False,madhya pradesh,balaghat
68,5,354,0.5046796990032376,30.641727016780727,40.37876441933224,21.488746403127948,19.541074645196005,17.031804505259156,3.6225562222715704,0.5259949571187508,446,-0.021315258115513158,530,True,uttarakhand,hardwar
375,21,307,0.5047501580675129,30.161890893560663,36.96657538423063,25.25356996700097,23.12792000566735,25.25363324788517,1.800351287276217,0.4693621178743536,447,0.035388040193159276,616,False,odisha,kendujhar
109,8,478,0.5055482564070416,32.67924453661025,25.74620937351532,12.663546668415329,21.969229479461127,21.4735661946003,2.96901068084692,0.6263565166753903,448,-0.12080826026834868,246,True,rajasthan,dausa
48,3,271,0.5064940441655486,31.39540106056675,25.10938914289637,16.721085580540255,16.37419441353386,15.030691117778412,4.480504013793946,0.6493982783274451,449,-0.14290423416189657,181,True,punjab,patiala
333,19,435,0.507391733085199,30.07296424536469,52.38270840524469,37.61872505347523,24.892923277974848,21.398572002720837,2.0053133680468895,0.5957716585333922,450,-0.08837992544819318,352,True,west bengal,murshidabad
322,18,277,0.5077453840602452,28.144647922811686,43.73287357701199,69.4903811019171,29.16399002953686,19.453902780063796,3.300300378626841,0.6140138959227378,451,-0.10626851186249264,285,True,assam,kamrup metropolitan
334,19,409,0.5093718877239674,30.575443072669113,49.54990196115852,36.0110162428884,26.15859144626022,24.99390750634726,1.9497054484240715,0.5569767566673811,452,-0.04760486894341376,470,True,west bengal,birbhum
388,21,316,0.5106106425212595,30.61532367731099,5.560084721088845,20.852392306288802,25.27384438821283,25.046580656615937,2.920367558678011,0.5844572649030129,453,-0.07384662238175332,400,True,odisha,ganjam
119,8,391,0.5106749813202919,32.25468830435136,36.915260779859764,10.809297329899815,25.438971859524898,21.507736102140765,3.6939208467563995,0.5776016508055832,454,-0.06692666948529136,416,True,rajasthan,ajmer
127,8,424,0.5117572590120454,33.428655372394104,28.782275669197972,14.249029611473194,19.12797763850949,19.49324988520395,3.7593068147331454,0.5812855138700892,455,-0.06952825485804381,408,True,rajasthan,kota
548,28,211,0.5127916558460245,32.454417583186064,52.47832390418039,14.700135686806687,50.303932398335824,19.142182580448328,3.4339734009306997,0.6243936044296758,456,-0.11160194858365136,271,True,andhra pradesh,guntur
25,2,113,0.5164337828951105,10.596598890046147,35.83599814424218,27.401822792046495,31.517281127051717,36.84596172573618,2.309511845772494,0.5437627596240923,457,-0.027328976728981713,509,True,himachal pradesh,lahul & spiti
51,3,273,0.5175472244165435,30.805816889272187,31.032444499183878,25.03759349646606,17.104745812725938,15.905214828493076,4.465621133616503,0.6927429671429565,458,-0.17519574272641292,104,True,punjab,rupnagar
118,8,529,0.519601585676732,32.987599277165245,46.45673084432504,8.917639571131165,29.78371548555736,19.924127479291347,3.6221987140345333,0.5647792911919861,459,-0.04517770551525413,476,True,rajasthan,pali
67,5,395,0.5200612459030342,30.56463389475036,12.45136748732485,23.934592597660256,19.699105390269096,16.30553561202582,3.7556054515071553,0.5557961853571083,460,-0.03573493945407413,499,True,uttarakhand,udham singh nagar
23,2,270,0.522187174877376,22.002812694647567,46.35167405556501,35.497651432721405,20.1036460419155,16.180362286508803,3.0535926051567586,0.5620554745114646,461,-0.039868299634088666,488,True,himachal pradesh,chamba
39,3,295,0.5225779624227452,31.172755914002426,24.165257250557726,22.916732300158607,13.001267458242166,12.884317113535495,4.49966477992997,0.6795925160369706,462,-0.15701455361422534,144,True,punjab,shahid bhagat singh nagar
581,29,306,0.5229373338218739,27.359444185377544,66.04763259549097,17.29670583558044,54.807370973907496,16.69638807451581,3.7121365405460165,0.5888667545393361,463,-0.06592942071746222,418,True,karnataka,kolar
506,27,233,0.5256029731770723,33.12102044338329,53.74502059913321,24.396378773225788,22.41587624780694,16.36980272826732,3.160747688774934,0.563288211639945,464,-0.03768523846287275,494,True,maharashtra,bhandara
378,21,279,0.5256103426013883,30.619271189202973,33.37958020601002,29.585652426576466,21.123427892515945,19.75333785362355,1.9681702120445483,0.5725364183988444,465,-0.04692607579745611,472,True,odisha,bhadrak
49,3,272,0.5271127631565711,31.498311551912163,28.263015681372526,23.243107286864493,16.398134000528795,14.38579353428423,4.426802872089232,0.6698985360888206,466,-0.14278577293224948,182,True,punjab,amritsar
38,3,277,0.5280958496552411,31.094075793625443,23.155807206167353,26.607835600119333,14.510175367122613,13.971721790223395,4.437933957805503,0.6888069711367067,467,-0.1607111214814656,134,True,punjab,hoshiarpur
542,28,207,0.5281804728984185,30.73738364455335,31.714960597748775,21.367243338091804,37.151762362863614,21.283752419588666,3.19070791176731,0.6034950241759213,468,-0.07531455127750275,396,True,andhra pradesh,srikakulam
59,5,328,0.5292863302120469,22.89385057818552,51.415451379798895,32.14211235134299,21.79279529484836,19.2627334192629,3.0289690901693604,0.622864231864239,469,-0.09357790165219215,325,True,uttarakhand,tehri garhwal
73,6,287,0.5298080526159027,31.650179426513617,23.668658339073282,13.643854549434318,18.726292667750073,15.29015035231405,4.066067619731057,0.6344235569843151,470,-0.10461550436841238,291,True,haryana,kaithal
578,29,257,0.5299823346681675,27.47243972431179,57.899932696276196,21.72061816557793,20.253656839812425,18.74935034715547,3.066190875817491,0.5571907203333633,471,-0.02720838566519579,510,True,karnataka,chamarajanagar
805,12,331,0.5304964343095165,23.804979842166148,35.16629348064197,60.30076465969331,26.201607339136,18.725407142687363,1.7654497729405816,0.45159748647461545,472,0.07889894783490109,659,False,arunachal pradesh,longding
893,36,291,0.5327998831318579,33.5199739390699,57.085064337660526,18.537481298611485,28.173895819827315,24.25755162418975,2.374580081344858,0.4909957297960231,473,0.041804153335834815,624,False,telangana,komaram bheem asifabad
523,27,274,0.5335653572164963,30.962909234220124,61.06139199514926,11.880962979279253,29.442462276173675,20.855809970564422,3.0428862586084064,0.6025561379307435,474,-0.06899078071424714,409,True,maharashtra,bid
371,21,251,0.5337756535293674,32.85577280683009,5.840460312234334,24.57342464048476,21.989031483518488,19.138500190990126,2.640503096589338,0.44848456945142584,475,0.08529108407794156,662,False,odisha,jharsuguda
338,19,303,0.5343212597610285,30.33532801838399,44.56534559228023,39.7018485445908,22.441348140583255,18.926651176464063,2.5676750617803057,0.7368460870306582,476,-0.20252482726962973,63,True,west bengal,hugli
524,27,316,0.5343392999112193,30.789099058307368,57.5727226713509,12.264488318324094,26.845200350265152,19.334960511779286,3.3606077614918277,0.6588026119236066,477,-0.12446331201238725,237,True,maharashtra,latur
157,9,320,0.5389650303842338,31.859118198641774,7.270245775275257,15.400178009997907,20.50963487562638,21.751115248290102,3.5697287779549725,0.46225722693529403,478,0.0767078034489398,657,False,uttar pradesh,lucknow
54,3,253,0.5397066432922322,31.79899010154798,33.43537223737181,13.925658133414087,18.37497123874896,16.241798440819466,4.308300917744238,0.5967230258041962,479,-0.05701638251196406,446,True,punjab,barnala
30,2,220,0.540460950574885,27.945066722919844,39.333697374848455,30.849910820798144,25.816880936581274,19.806125175384793,3.6725323143987025,0.6649805466977554,480,-0.12451959612287045,236,True,himachal pradesh,bilaspur
64,5,306,0.5408098394145635,24.192104102077643,56.140128173138784,32.11500879908856,18.206288471452844,16.89531805096283,2.5975392998987283,0.6384644696871362,481,-0.0976546302725727,311,True,uttarakhand,almora
549,28,183,0.5414346278376276,32.44780618304208,52.897675736687866,12.995875889205324,59.87416737086354,20.90195713875519,3.36930120819673,0.6302154464821368,482,-0.08878081864450915,350,True,andhra pradesh,prakasam
546,28,222,0.542299489917261,31.48758239245545,52.796787147148194,19.17205143509261,45.993658876293786,24.951437274207944,3.639085539839988,0.6635576606254534,483,-0.12125817070819245,243,True,andhra pradesh,west godavari
588,32,255,0.5434739418042633,28.91519492274197,61.81712969898552,45.94830875467828,23.954863948020645,13.073299006397495,3.889136448259583,0.6729705094557032,484,-0.1294965676514399,220,True,kerala,kasaragod
551,28,270,0.5435164120183735,32.69105345559114,71.19066845003618,11.56267733481651,52.860433157126174,19.516779238550935,3.6567781613786616,0.7891858447883054,485,-0.24566943276993192,29,True,andhra pradesh,y.s.r.
522,27,304,0.5450844397090764,30.056353899010922,61.16354437241297,11.545851873630845,25.827633645898363,20.6641200901461,3.2601670285134396,0.6615492110996174,486,-0.11646477139054101,256,True,maharashtra,ahmadnagar
383,21,244,0.5455699591050893,31.23277018019527,28.1158384019233,22.631354262049484,24.962459521576612,21.702323507377017,2.220802579196671,0.5708846953403084,487,-0.02531473623521907,516,True,odisha,dhenkanal
377,21,235,0.5470159136291456,30.250052795366933,43.28196846903275,34.565444342877335,22.915633475078995,20.320577519173924,2.205288674018664,0.6218838350011955,488,-0.0748679213720499,397,True,odisha,baleshwar
66,5,346,0.5486069535310122,28.170586570519234,45.62545336683257,26.617309439856527,20.608127388372715,16.85020829028558,3.6153384389369387,0.6359114427158448,489,-0.08730448918483258,359,True,uttarakhand,nainital
596,32,175,0.5525994401295603,24.540045508621887,68.39545023929466,55.012489898027226,30.963563678215102,14.696715988831414,3.3352781617878846,0.6395072368363114,490,-0.08690779670675108,361,True,kerala,idukki
287,15,266,0.55306146869524,26.228620942727257,68.33382735094975,84.41867285878189,21.215828197271556,13.409217890079532,2.455171185231414,0.47666352567331044,491,0.07639794302192954,656,False,mizoram,lawngtlai
550,28,250,0.5531892428414878,32.008826000609396,48.70314724474683,14.532858819496402,45.77839722092803,22.39478843398706,3.4934125922199044,0.724747808790511,492,-0.1715585659490232,110,True,andhra pradesh,sri potti sriramulu nellore
902,36,245,0.5546749635511139,32.40919858953869,57.46452405685846,14.726019361291037,41.2410095771175,18.323643471457817,3.2974423086808757,0.6810914773269429,493,-0.12641651377582896,232,True,telangana,nizamabad
78,6,302,0.5555366076212941,32.14353306893168,29.907685546235317,10.864022395801834,15.244135906957297,15.144339916201234,3.967900395830651,0.7282890673649648,494,-0.1727524597436707,105,True,haryana,fatehabad
380,21,232,0.5555974111520424,30.18773035761674,34.712791665491785,24.612005299057596,26.506440904123483,26.29820212070537,2.4119011080878168,0.6602154794610245,495,-0.10461806830898213,290,True,odisha,jagatsinghapur
372,21,233,0.5556002356197881,32.22105357962949,5.3109495751991265,24.13610601681524,20.88066760064484,21.268559681904918,2.272609787985687,0.43925400106413615,496,0.11634623455565196,676,False,odisha,sambalpur
591,32,230,0.5566699897215329,28.999817678198454,66.04139701629668,54.649394459222925,27.307852140032892,12.627330639971952,4.4016579832972536,0.6729807048849689,497,-0.11631071516343594,258,True,kerala,kozhikode
374,21,255,0.5567801665532262,31.983049618173077,32.77560665088073,24.086313652368585,20.916879861867713,20.930882801017194,2.4076337886237758,0.4923255869754623,498,0.06445457957776385,643,False,odisha,sundargarh
260,12,251,0.5572922724432006,19.552789031184286,,39.89492897068467,18.959588583306633,16.474098223840254,1.8422259033636659,0.49890522685295025,499,0.05838704559025032,640,False,arunachal pradesh,anjaw
22,1,332,0.5600474910895187,30.723245051042177,39.326008513448734,32.58071473015775,16.174197725083026,15.187513067870967,3.9589957646852225,0.5843347150247832,500,-0.0242872239352645,520,True,jammu & kashmir,samba
569,29,256,0.5604334785036486,28.898191475239756,65.04080591851465,42.16651594731643,28.162538578358173,16.709638783591956,3.43263920498578,0.5830852222928441,501,-0.022651743789195544,522,True,karnataka,udupi
339,19,328,0.5604829402274658,31.13373492526762,42.1867348444024,35.353456479263755,24.350217251799677,26.372839638800865,1.7721493661781045,0.577768749689975,502,-0.01728580946250924,541,True,west bengal,bankura
439,23,318,0.5611194303669864,31.034609442407472,42.642116976259366,18.917310771461555,19.649927648202432,16.363546386978804,4.087212197165819,0.6131129989929249,503,-0.05199356862593851,457,True,madhya pradesh,indore
21,1,295,0.5626851662227393,30.939569592133306,40.65593005893803,33.37660031873578,15.904594302976585,14.230497317959454,4.408248495156556,0.6513219175808691,504,-0.08863675135812976,351,True,jammu & kashmir,jammu
262,13,237,0.5633832345476073,25.26617448982881,,59.20636504720446,26.903154080638224,13.926092082214765,2.6930332585940477,0.5709808370027604,505,-0.007597602455153063,560,True,nagaland,mokokchung
544,28,209,0.5651266150842265,30.528353164076552,43.637419456493525,21.16133612513176,34.96124223890173,21.955403977879495,3.503327100105287,0.6298642120863907,506,-0.0647375970021642,427,True,andhra pradesh,visakhapatnam
32,2,293,0.5653733586311085,26.53314962844328,42.28953948494745,27.14600807904817,17.890381315721367,16.26530113927598,3.483754471611586,0.6359347454765604,507,-0.07056138684545188,405,True,himachal pradesh,sirmaur
882,3,257,0.5663096829684866,30.99791921143184,28.266076237017145,31.241790188165524,16.300233980376028,15.217177005411923,4.404673852177824,0.6873396745824849,508,-0.1210299916139983,245,True,punjab,pathankot
573,29,203,0.5682974409497504,27.465563729120326,62.97509585354218,20.040256964318345,26.084659864270684,17.702868431029707,3.3638432108266723,0.5685850209022981,509,-0.00028757995254768964,577,True,karnataka,mandya
112,8,649,0.5700363562321854,32.77151574531546,40.41433503479618,9.20323104430148,31.701860559211205,20.831954060585858,3.5644983029004056,0.6888898436591121,510,-0.1188534874269267,250,True,rajasthan,nagaur
594,32,199,0.57328165456763,29.096584980510837,71.16621084174736,57.208559892845805,29.76513995700335,16.00931424292704,4.342717755584984,0.7145631058328581,511,-0.14128145126522806,186,True,kerala,thrissur
26,2,232,0.5738786054537899,18.45495455364099,41.588107373344684,33.83078085720869,19.562985613241576,18.09661942762167,3.1077713302874264,0.6391495521917957,512,-0.06527094673800582,424,True,himachal pradesh,kullu
932,19,327,0.576060753578888,30.5357928153395,,37.41741274844272,24.71463371183958,25.202636011344186,2.1854203171059816,0.6518798056816664,513,-0.0758190521027784,395,True,west bengal,purba barddhaman
896,36,216,0.5771394986106351,33.44654002650649,55.85480446401811,16.72732968637872,30.199957949298454,21.1467233254099,3.191563671375129,0.6745236142797264,514,-0.09738411566909133,313,True,telangana,mancherial
808,12,232,0.5782051901624357,23.745711083042202,34.252277113809804,58.8083370417159,15.374940119465478,16.65104916639571,2.491139557655864,0.5332923280800367,515,0.044912862082398974,629,False,arunachal pradesh,tirap
931,19,386,0.579583003762524,31.4434804501409,,34.363570661652176,22.396675175926713,22.526328911558828,2.8041125730074783,0.6251344932844666,516,-0.045551489521942545,475,True,west bengal,paschim barddhaman
386,21,265,0.5809438745859792,30.335271680180192,2.2420150226502913,21.60974626940235,20.4882715723846,20.21421979366652,3.2363087515900184,0.7235700522119554,517,-0.14262617762597618,183,True,odisha,khordha
886,36,223,0.5815886321514202,32.82136310791053,58.97488592934663,15.108942967086316,53.94718077289599,21.645748689600158,3.4135165828141085,0.6990771725214182,518,-0.117488540369998,253,True,telangana,jagitial
527,27,263,0.5839261744142803,28.11824967505701,57.31506772107656,14.73478111587154,24.675628085849528,22.664762200325292,3.333558395247626,0.606934022455942,519,-0.02300784804166167,521,True,maharashtra,satara
381,21,226,0.5847335770265641,30.752511620674092,36.01715111327726,23.010083039309063,22.76880781981163,21.507514659096586,2.8859786849461093,0.6668184665927737,520,-0.08208488956620952,375,True,odisha,cuttack
113,8,618,0.5847379575134086,33.256674619835195,48.20198446760016,7.014556828733634,27.81583121834129,22.7860532607384,3.549407142003915,0.5848261355568517,521,-8.817804344307678e-05,578,True,rajasthan,jodhpur
444,23,119,0.585019608160432,32.15512744511669,23.066755349242044,19.702819125987904,16.000075869331017,14.153634181658964,3.8196101955931674,0.5666194090127137,522,0.018400199147718288,598,False,madhya pradesh,bhopal
101,8,549,0.5899053246248132,34.19557733443655,40.36806793694181,7.330894388657228,26.97911212903092,21.15245639719762,3.6000558746490117,0.6553750781589234,523,-0.06546975353411022,422,True,rajasthan,bikaner
88,6,335,0.590700983080656,32.57915961005371,21.423444363164386,11.761255745053381,46.82145252538194,12.896920527424177,4.33050994025011,0.7237099401126518,524,-0.13300895703199578,210,True,haryana,faridabad
36,3,261,0.5923001281769945,31.561765086483046,28.777137453671322,22.055908101776055,14.947965339588562,12.271993988700702,4.4934788649716575,0.660773668869217,525,-0.06847354069222245,412,True,punjab,kapurthala
525,27,259,0.5933075188136615,30.63962060355237,60.93872093829218,11.007279817050609,26.083217896902518,18.783481859048504,3.17355415804676,0.6007693845090742,526,-0.007461865695412739,562,True,maharashtra,osmanabad
515,27,342,0.5943910920324723,30.565643045466825,60.029672374704816,12.469851515509255,29.73476959573193,18.51266934127601,3.5419810395560796,0.6112461667018401,527,-0.016855074669367753,542,True,maharashtra,aurangabad
104,8,453,0.5944427528405054,32.44041310721733,30.478075255765987,11.236140833454773,23.19122730933509,20.656101448999934,3.3157304357619144,0.6141449075920832,528,-0.019702154751577772,534,True,rajasthan,alwar
496,25,334,0.5960901265284497,30.334843343396788,50.24901147089141,23.05409507232778,29.23998361002983,24.08612747850924,2.6445035224946154,0.5624629655153918,529,0.03362716101305796,614,False,dadra & nagar haveli and daman & diu,dadra & nagar haveli
572,29,203,0.5968121111761696,27.05289008084854,62.82577165700793,18.743721809449962,23.07715498484448,13.061644678434499,4.3575006397589435,0.7594912432299695,530,-0.1626791320537999,132,True,karnataka,bangalore
577,29,271,0.5976891771299891,27.377688229379558,57.881225218695185,25.960351203982437,29.88330319458282,19.196324525528986,3.660794416728828,0.6277844469160844,531,-0.030095269786095225,504,True,karnataka,mysore
529,27,168,0.5978705865610006,28.648746061590245,52.36964203123952,29.4994044764667,24.321245889955414,16.376399271220194,3.0792958814992923,0.6992288781337886,532,-0.10135829157278808,297,True,maharashtra,sindhudurg
881,3,272,0.6044907563883238,31.368010426092788,27.911340450085362,26.64113591355215,17.429619528415866,15.65551843072943,4.316427118778344,0.6348167116662381,533,-0.030325955277914263,503,True,punjab,gurdaspur
634,34,255,0.6070374914872358,30.62492624067781,,19.113337444033956,21.2710726511714,18.246935116897962,4.2892463549498565,0.6723605629044827,534,-0.0653230714172468,423,True,puducherry,yanam
99,8,474,0.6102732894770281,34.148666206045085,35.98155006424842,8.225836060134709,20.744825085819308,18.377479923393416,3.4694558764122636,0.5362138260637374,535,0.07405946341329073,652,False,rajasthan,ganganagar
102,8,528,0.6105287595238639,33.190375101629144,38.57491697748501,8.67694073389936,27.941786555798075,21.49703580043189,3.3241949008123384,0.7269841124537032,536,-0.11645535292983933,257,True,rajasthan,churu
63,5,332,0.6112141046513923,23.275980124890307,54.221747703918815,34.6443579901717,22.840553735150646,17.143685140994183,2.8751338140250615,0.6594183316452378,537,-0.04820422699384552,469,True,uttarakhand,bageshwar
618,33,218,0.6136620169976537,31.026406155061846,61.20468620061937,29.56399762121319,16.33667425037276,21.131675277549114,2.8885949169216247,0.7624683132035379,538,-0.14880629620588426,164,True,tamil nadu,nagapattinam
100,8,468,0.6145998907204665,33.3055819193092,40.4742782577137,8.923558875974752,22.502617251341615,17.444653558270506,3.4137881975517135,0.6334430960668738,539,-0.018843205346407266,538,True,rajasthan,hanumangarh
385,21,266,0.6174642206103363,30.81121291166245,2.3555535837270605,21.05769598365681,23.47359251460754,20.868121606930227,2.5729592021972323,0.5472645460862933,540,0.07019967452404308,647,False,odisha,nayagarh
903,36,206,0.6177266947689268,33.284490414737704,55.472871438160574,15.798265097146896,30.902425212082484,18.64201442988089,3.5173115993571114,0.7121046542321863,541,-0.09437795946325944,322,True,telangana,peddapalli
901,36,260,0.6182108522642376,32.76476646824395,56.1409333283197,15.50089711288224,33.71468289391497,24.913973858412607,3.0356012524963214,0.638456216802892,542,-0.020245364538654442,533,True,telangana,nirmal
625,33,249,0.6195148822790866,31.674955154868805,43.04111118222417,31.764513854070128,23.568977511732864,21.019811927768387,3.4100444203067237,0.8257724012899995,543,-0.20625751901091294,60,True,tamil nadu,virudhunagar
888,36,207,0.6205427313988247,33.245270944470974,55.18728248783792,17.89573012747399,40.8399642268957,27.592796276011597,3.014347536826696,0.6737570554259397,544,-0.05321432402711501,455,True,telangana,jayashankar bhupalapally
511,27,314,0.6240899204820619,32.415220627101476,54.23949795061153,14.59151861063793,26.951478175075227,19.588708452533847,3.0091464491193007,0.5907544750777979,545,0.03333544540426403,613,False,maharashtra,nanded
31,2,240,0.6257520514855675,27.40718818830269,35.15584808876078,27.972935952048644,19.469651351553235,15.350488865731117,3.882755844342099,0.6898310020733234,546,-0.06407895058775592,428,True,himachal pradesh,solan
600,32,191,0.6265099050790993,28.49587097040052,84.09474307274651,61.31775396612001,29.97377842248896,16.503029814346185,4.155770462847707,0.8059044523193575,547,-0.17939454724025816,98,True,kerala,kollam
327,19,320,0.6277269336760677,26.825491448230416,51.22703370959356,70.05162379005732,21.904153074018,14.507658276977756,2.780573989533466,0.5458169616325391,548,0.08190997204352857,660,False,west bengal,darjiling
265,13,316,0.6288835829739606,28.012870750703858,50.08237218894295,55.900969657034196,22.275400429505893,13.063307852991915,3.5250599251943657,0.6698045000171049,549,-0.04092091704314427,483,True,nagaland,dimapur
77,6,361,0.631067007437223,32.02398651938534,24.34444661196429,11.551655021146717,23.685390920436596,16.890505869365132,4.089166350485856,0.7231190702707437,550,-0.09205206283352074,334,True,haryana,jind
241,11,172,0.633307964999586,19.40406085686364,69.79990036685501,64.76369163603721,17.96060521220677,13.71430524283279,2.9238145561658846,0.6842570992278746,551,-0.05094913422828862,459,True,sikkim,north  district
79,6,195,0.6359177275963195,32.73199690366273,34.63998832003501,9.829596405014183,16.938039922247043,15.965799045622015,3.808607033226872,0.6368892517735716,552,-0.0009715241772521033,575,True,haryana,sirsa
904,36,209,0.6394546435873435,32.49771946334703,60.055694889620504,14.010139604159003,70.70397953475084,16.766259744001463,3.421710152100408,0.7283014346302711,553,-0.08884679104292759,349,True,telangana,rajanna sircilla
610,33,214,0.6398994787185375,30.124055123720154,46.745151420013784,20.244207556248508,23.32669853960346,22.189421171363747,3.5650409021763414,0.7338465097909824,554,-0.09394703107244495,324,True,tamil nadu,erode
804,12,388,0.6406261776723773,26.276508703446137,26.5251464507781,47.37214217914482,15.88991987816151,17.294040874440128,2.7176598704688026,0.5667752086830091,555,0.07385096898936816,651,False,arunachal pradesh,lohit
33,2,232,0.6416314532619034,22.022955538864274,46.12931053684856,33.651700646330944,19.20158703283007,18.677032136003522,3.5645692695483073,0.6985163369084928,556,-0.05688488364658939,447,True,himachal pradesh,shimla
41,3,217,0.6419934162158745,31.469621252991168,25.067388735451928,18.68333759975154,16.173994805751036,14.749490517328724,4.376708617643288,0.6638494556886347,557,-0.02185603947276027,526,True,punjab,ludhiana
586,30,310,0.6439152988412866,28.727658641189098,48.280812246057714,28.613070532338075,12.797147269084888,14.589703952900749,4.384731663185544,0.7983911576901402,558,-0.15447585884885362,149,True,goa,south goa
58,5,338,0.6439598882883958,21.89724162828311,53.341873495315184,34.02925099127438,20.0362713333534,18.52985982814664,2.9192246582645374,0.6335768333647245,559,0.010383054923671309,592,False,uttarakhand,rudraprayag
82,6,335,0.6441102106462298,32.30589685070448,25.368952317196506,10.857825378050679,25.23887124435217,14.990640505952005,4.269084168868038,0.7905096843832548,560,-0.146399473737025,171,True,haryana,rohtak
65,5,423,0.6453978316293505,24.951706533831494,26.19941081362459,33.09702606991206,19.09919627358394,18.232556268936218,2.849945852746888,0.6288637120674628,561,0.01653411956188766,596,False,uttarakhand,champawat
531,27,258,0.646185522052652,29.068300767768445,56.448074292126904,11.540060356136012,25.610484354733206,17.305634923578015,3.6531332713497986,0.5791484152141664,562,0.06703710683848563,645,False,maharashtra,sangli
257,12,259,0.6471319955664219,16.99844603337593,,37.271742275844325,16.749348516281053,18.114504134338492,2.5390407153841403,0.5172825962408002,563,0.12984939932562167,684,False,arunachal pradesh,dibang valley
520,27,239,0.6487997656623141,29.397057085757343,47.42848039438783,25.894977580668005,16.769538585585263,18.39120795902029,3.4625129432123196,0.7362084017647869,564,-0.08740863610247274,357,True,maharashtra,raigarh
869,27,299,0.648878521347739,29.72638224116835,45.04620379988607,25.19137683658147,22.847142328894062,17.83340708774529,3.297281393743881,0.6875905838727528,565,-0.0387120625250138,491,True,maharashtra,palghar
911,36,192,0.6492731417875874,32.67317656760292,55.41782667850452,14.886197895933325,62.741031539710214,21.152515205135057,3.048014157861393,0.7685069793359699,566,-0.11923383754838246,249,True,telangana,warangal rural
57,5,341,0.6497258851991479,19.85438032698092,56.839552797507714,33.18163136821244,19.54895943230561,19.68737785473076,3.0077812069175063,0.6239798650590214,567,0.025746020140126502,609,False,uttarakhand,chamoli
379,21,229,0.6498034844926905,30.426909070952796,38.2114342424932,27.434067056054722,20.605207534139826,20.44669967318232,2.2369324825897823,0.5816464024510611,568,0.0681570820416294,646,False,odisha,kendrapara
884,36,250,0.6498620280072424,32.62536118609951,57.3733233452032,19.39801657230148,29.87890836722259,19.213853794740075,3.1039302030492024,0.69024994363162,569,-0.0403879156243776,484,True,telangana,bhadradri kothagudem
505,27,300,0.6499325059952978,33.14081756743694,54.33895288535695,21.87317021491533,12.838085629425546,13.591493202422543,4.168589768105824,0.7131536997130432,570,-0.06322119371774537,430,True,maharashtra,nagpur
37,3,227,0.6505540604507588,31.537622532687315,24.44550333199103,22.004228411700698,13.860949423723717,13.222160949997768,4.58360322412535,0.7051754934799477,571,-0.05462143302918887,450,True,punjab,jalandhar
110,8,417,0.6526110927907067,32.02446464375286,32.91236762520942,11.755666289444724,21.80556195319478,18.33446966125694,3.663534640445605,0.6686399742568494,572,-0.016028881466142675,544,True,rajasthan,jaipur
337,19,300,0.6533719258952998,29.92179335096746,48.93912997996069,43.86191073657006,27.01391753991545,19.860468808112284,2.9028791828409872,0.6813287829990146,573,-0.02795685710371476,507,True,west bengal,north twenty four parganas
889,36,291,0.6547168677706766,31.581159440708866,49.32071185950743,9.494584094200462,27.39088839248078,20.98727716151244,3.0359951817954935,0.5724971801236678,574,0.08221968764700882,661,False,telangana,jogulamba gadwal
528,27,217,0.6553238700251787,28.73997346162442,47.157031179997304,28.573053573169858,30.65414289950692,26.841833997659897,2.8755671043034785,0.6693014639595815,575,-0.013977593934402788,546,True,maharashtra,ratnagiri
336,19,288,0.6554789115300331,30.258890239773713,47.65525070321688,39.54978852959122,28.08782953417912,22.39564479710106,2.1878932392740236,0.6607828469496833,576,-0.00530393541965013,564,True,west bengal,nadia
80,6,313,0.656370940041656,32.43807667213722,30.24703652426953,9.940333045697136,21.320795087474053,17.621806176087553,4.111506193233017,0.754535633928147,577,-0.09816469388649107,308,True,haryana,hisar
845,7,356,0.6580314171918434,32.503230050297425,24.97597003870142,11.875492262392426,34.287816941292824,17.18268044561851,4.403546699155524,0.786838058380516,578,-0.12880664118867258,224,True,nct of delhi,south east
72,6,313,0.6585276423482543,31.243399777943715,37.16539816279923,16.507664498098734,12.86947467624089,15.450439882678321,4.129556897802695,0.5532579135380664,579,0.10526972881018792,670,False,haryana,kurukshetra
247,12,306,0.6626988142510816,24.07885474435257,53.17297482193619,56.06277441720472,16.08550164498072,16.50710647970504,2.3681070236930197,0.5510664507528277,580,0.1116323634982539,673,False,arunachal pradesh,east kameng
631,33,237,0.6628809735544724,28.571560484580875,,20.14247634451023,23.84527496740889,20.592579209376023,3.415902287280776,0.6710769349506762,581,-0.008195961396203821,558,True,tamil nadu,krishnagiri
504,27,244,0.6652513215704196,33.68224739005939,58.455507033703654,20.27962301439838,15.289664411647346,15.365459664892127,3.688653325907386,0.6400497918654646,582,0.025201529704954928,608,False,maharashtra,wardha
598,32,190,0.6658448704102572,28.80889420810677,76.32083256344063,46.69882598991398,27.38416177861167,14.757247881918259,4.11991118685211,0.73165046878755,583,-0.06580559837729283,419,True,kerala,alappuzha
897,36,256,0.6658851001242401,31.348244321753853,55.990120017681065,12.975847879662952,45.36950181397611,23.36939115367152,2.6930303672397287,0.6540539673195744,584,0.011831132804665634,594,False,telangana,medak
86,6,236,0.6659574405383994,32.549679515272146,23.96648931631139,11.253687989007844,25.001768158673325,15.478680150847714,4.33261759794071,0.7436855786244355,585,-0.07772813808603607,389,True,haryana,gurgaon
612,33,251,0.666829515720799,28.748812885030503,50.51493353244511,29.38808121284592,19.488238090916262,21.276903036473385,3.2345797601933626,0.7752778475797697,586,-0.10844833185897074,280,True,tamil nadu,dindigul
27,2,210,0.6692855056297177,24.912491052020044,45.848210451874245,34.507922816270664,20.05946151541453,19.07764482019636,3.543140009235577,0.6775968880867956,587,-0.008311382457077965,557,True,himachal pradesh,mandi
55,4,227,0.6718612128399343,31.097176793216207,28.50668732196068,22.583185377793995,16.652336834063565,16.04009099474543,4.489511373622095,0.786975354418562,588,-0.11511414157862776,262,True,chandigarh,chandigarh
249,12,297,0.6739773795148927,22.512106055657544,,46.539609080000574,20.124529040264253,19.907089485568047,1.8302593400255913,0.47718630572272647,589,0.1967910737921662,699,False,arunachal pradesh,upper subansiri
530,27,259,0.6741701717467959,27.635267613571777,57.62264858683161,16.6287701023391,17.592383554802755,16.638055748522188,3.618557105669201,0.6203623758022336,590,0.05380779594456231,636,False,maharashtra,kolhapur
630,33,242,0.6755845503769086,29.49872278549511,41.977970347975,21.01457741856719,19.302167445040574,21.966343890298845,3.4019537610949624,0.7560235567181532,591,-0.08043900634124468,380,True,tamil nadu,dharmapuri
24,2,257,0.6756377536657098,27.555778989855757,39.479480358310084,33.062999976726005,16.98241000325817,17.582044565712856,3.903672467490815,0.6649118677911906,592,0.01072588587451917,593,False,himachal pradesh,kangra
29,2,244,0.6776705355588669,30.026363528918626,37.28651963139917,27.960346691848844,22.71912672344209,22.255641374754923,4.150765742382043,0.688727962358716,593,-0.011057426799849113,553,True,himachal pradesh,una
585,30,246,0.6785606073997545,28.76310008273753,49.138076684460316,29.494083025082958,14.320458699537758,14.804668609501118,4.2899914212370405,0.7683215552168385,594,-0.08976094781708399,343,True,goa,north goa
62,5,341,0.6789245601473354,23.003244534928168,33.86496041948617,36.08966839863131,24.506800722882875,21.791470692809426,3.104149689768546,0.6591562943014412,595,0.019768265845894195,602,False,uttarakhand,pithoragarh
40,3,233,0.6795272698684143,31.132472109170234,25.703079247485686,19.152496109014383,16.010586873235955,13.158172292816483,4.526379298455491,0.6557395441579069,596,0.023787725710507357,606,False,punjab,fatehgarh sahib
103,8,519,0.6815459304230802,32.318256927011056,35.73790282365211,9.393360510640653,23.50880356980325,18.764720585075104,3.5874714174277242,0.7801923485713627,597,-0.09864641814828246,304,True,rajasthan,jhunjhunun
554,28,223,0.6841535736967314,30.00964827652375,69.08667773945758,15.429032944830162,51.52321888141526,25.255431141774693,3.2780568856749737,0.7208358506827064,598,-0.03668227698597504,497,True,andhra pradesh,chittoor
71,6,335,0.6940006276012974,30.84951701734945,42.503336027529215,20.515075478725244,13.403627615587745,14.088311983575222,4.088969965522533,0.5866778771761002,599,0.10732275042519723,671,False,haryana,yamunanagar
620,33,172,0.6963793642368097,31.046517907522837,57.799611315451735,26.50374820815965,17.41320278499073,18.667773799240283,3.379779085021874,0.8052755638304867,600,-0.10889619959367702,278,True,tamil nadu,thanjavur
807,12,347,0.6978503639492815,24.357125065471305,20.70063989354552,48.29093589902288,19.12214763816869,17.39759712177463,2.2099224067252115,0.5257038407552296,601,0.17214652319405188,695,False,arunachal pradesh,siang
341,19,312,0.699409222239069,30.05619305361754,44.84716162452241,42.351175149261636,21.411672895101848,15.860902941944977,2.9399281865181774,0.7028350600402592,602,-0.0034258378011902124,570,True,west bengal,haora
510,27,280,0.7017044993783487,33.316385929782044,59.11953442179761,18.21630257492422,20.72183308119268,19.327195055092037,3.0778079869901176,0.6009849073922926,603,0.10071959198605607,666,False,maharashtra,yavatmal
608,33,211,0.7018579928382825,30.17304245675234,43.87282651621084,21.95118127850516,15.75099033902066,20.689344377876534,3.502750319162149,0.770758097703978,604,-0.06890010486569542,411,True,tamil nadu,salem
252,12,265,0.7034728124326507,23.82884370883327,,44.36344169949583,14.12433867513018,14.957851516561751,2.3874670807927054,0.5653978740491729,605,0.13807493838347784,688,False,arunachal pradesh,upper siang
52,3,200,0.7048886746538109,31.081532206397725,25.343703647421847,21.710309874379053,15.411714778654321,14.803868100783523,4.5034204028641245,0.7036309566072665,606,0.0012577180465443982,580,False,punjab,sahibzada ajit singh nagar
75,6,336,0.7063952650140903,31.88096778371853,30.15364068087792,13.203373631510969,20.279121553816662,17.554893386709264,4.175414360862512,0.7130276096355885,607,-0.0066323446214981985,563,True,haryana,panipat
494,25,316,0.7068201063816851,29.617867369073267,29.904300023035013,12.904732874113718,24.196717066581048,17.43633644004833,4.163934722510206,0.4811009525355098,608,0.22571915384617536,705,False,dadra & nagar haveli and daman & diu,diu
69,6,213,0.7071890705386639,30.489464790757594,25.77989041938139,23.252527043099505,14.801616633706079,13.849551798489696,4.443182519987241,0.7194180308965455,609,-0.01222896035788168,551,True,haryana,panchkula
636,34,265,0.7077835101624943,29.06987451469028,,43.23711942851185,26.506774840850024,12.539722181457169,4.848799552614173,0.7262010313802336,610,-0.01841752121773932,539,True,puducherry,mahe
613,33,192,0.7079389249866705,31.680406761358114,64.62583655449112,23.396290744953422,16.38931467256914,24.150168374702705,3.2458024900953237,0.7675968878889072,611,-0.05965796290223668,438,True,tamil nadu,karur
906,36,267,0.7095473293122184,30.93106882182896,52.06317087965264,12.363937705925302,44.71586859956468,22.98790778925257,2.920744904987399,0.6624010192037034,612,0.047146310108515,631,False,telangana,sangareddy
616,33,195,0.7100737420543735,31.704465748684015,25.358114977076426,25.422271760443532,22.274424930441118,24.038690577326516,2.795161416269474,0.7968439735492878,613,-0.08677023149491436,362,True,tamil nadu,ariyalur
623,33,253,0.7107675345690664,31.29143169522277,41.290077227026806,27.651182129391884,26.205922693477724,15.430000024440027,3.850807389310564,0.8265258945420272,614,-0.1157583599729608,260,True,tamil nadu,madurai
84,6,305,0.7118817318876319,32.46945606435817,25.891923296726976,9.77812948124008,19.70344110395182,18.01108813166673,3.862548937262446,0.7962633882207165,615,-0.08438165633308459,369,True,haryana,mahendragarh
244,11,194,0.7140484601462265,21.558301890466037,58.65017900247385,77.92372376913555,19.975948390675182,15.741142654225072,3.413685029589335,0.6769503852951262,616,0.03709807485110028,618,False,sikkim,east district
907,36,240,0.7151307241371825,31.48189121170772,56.04440721587009,12.695302553204646,56.306609213986306,21.484857665120135,3.2839067548076883,0.7451971443146133,617,-0.030066420177430775,505,True,telangana,siddipet
838,7,326,0.7161914665661023,32.52721192378927,17.531440769052885,12.017161915698484,21.89331978533137,16.491623383273062,4.487883584231451,0.8072632822338209,618,-0.0910718156677186,338,True,nct of delhi,east
894,36,242,0.7164308162978629,32.84159154255917,57.47438550224436,15.438589396823016,43.25279964331087,25.177226880900722,2.9230748454846878,0.7175709481526934,619,-0.0011401318548305284,574,True,telangana,mahabubabad
243,11,177,0.7185814144901839,23.804111100071026,66.65484067529684,78.78611259019738,17.015150994786545,12.709976096042595,3.186239669333704,0.6771051659472213,620,0.04147624854296261,623,False,sikkim,south district
288,15,240,0.7219412832475314,23.81477980522289,68.4837927252749,91.02360879487753,18.053953848669046,12.654255284065675,3.2342558594311885,0.6460477505227203,621,0.07589353272481103,655,False,mizoram,saiha
621,33,240,0.7224705044506834,31.2755988018775,70.89480277754218,27.17445329772127,28.722029076843892,24.065868120624316,2.8873836279962553,0.7953787079153782,622,-0.07290820346469484,402,True,tamil nadu,pudukkottai
611,33,222,0.7228914252604017,20.566012267655456,53.97664824490477,33.44047995881987,19.569874676029798,17.584738931274487,3.5496301303320648,0.6703732791018004,623,0.05251814615860129,635,False,tamil nadu,the nilgiris
281,15,244,0.7245073206820227,25.520615528630714,77.81291062328869,82.72734840293542,19.905563828142707,13.855429548011347,2.751492883144459,0.6025851492218507,624,0.12192217146017204,679,False,mizoram,mamit
587,31,339,0.7267773488381526,,,,27.074872691908276,12.299013396199344,4.1742062666957915,0.6068222173002841,625,0.11995513153786852,677,False,lakshadweep,lakshadweep
607,33,227,0.7273121661565455,31.52067544247823,59.94713701606415,23.339740225201393,21.067067279643133,26.82273885788828,2.997480514422366,0.7780731126280619,626,-0.05076094647151641,461,True,tamil nadu,viluppuram
553,28,199,0.7307192093617132,30.767550437483248,74.31647826224736,9.65063088986152,53.49147550521499,26.086749639707016,3.104142075939289,0.593225060796392,627,0.13749414856532116,687,False,andhra pradesh,anantapur
342,19,250,0.7316117137530231,30.22183466779294,44.510246127110904,43.43778499075814,20.907478858068597,17.277213891886817,3.5379899540408144,0.8655837511580313,628,-0.13397203740500818,208,True,west bengal,kolkata
622,33,246,0.732823287474744,31.457199926261207,27.339903809916585,26.71491744865578,25.05202699839799,19.89028088669733,3.4096900551220037,0.817478780196596,629,-0.08465549272185202,368,True,tamil nadu,sivaganga
597,32,158,0.7344269553421774,28.541168832672046,75.84441464918434,56.603568605788425,28.337098305081653,17.75322276206926,4.20955112881111,0.7250521745103963,630,0.009374780831781115,591,False,kerala,kottayam
627,33,235,0.7357737215321424,31.314313218650607,43.09428559267064,33.57542368422328,20.212176842191017,18.08213496107784,3.8712125632848933,0.7961426979099364,631,-0.06036897637779404,435,True,tamil nadu,thoothukkudi
802,12,141,0.736936035986654,22.63376307512513,35.94914368234295,53.070041054818034,11.762353417647828,13.815202891685539,2.6732324485951953,0.5697297692511167,632,0.1672062667355373,693,False,arunachal pradesh,kra daadi
801,12,357,0.7373432515123893,27.14592229654064,,51.83725033155547,14.98417960454354,15.509465524250164,3.1004896811517777,0.63280918900055,633,0.10453406251183928,669,False,arunachal pradesh,east siang
34,2,154,0.7397675147337086,14.09804445368669,46.15463403757849,34.93231603499068,23.408406951658975,21.8171199064756,3.097976450170537,0.5344676110585397,634,0.20529990367516893,701,False,himachal pradesh,kinnaur
843,7,380,0.7400686072045941,32.51967413834143,17.479361504954312,12.096777496447556,16.57081888242527,17.02732383459039,4.549763076319387,0.8057841953193485,635,-0.06571558811475442,421,True,nct of delhi,shahdara
899,36,266,0.7411814473226367,31.10241175447112,50.76457173287569,9.997381989011538,48.44538331534947,30.68827145843773,3.125605097935468,0.6829854952081237,636,0.058195952114513005,639,False,telangana,nagarkurnool
60,5,338,0.7427957620787242,28.255494221190418,28.826552718427223,27.00491442371265,13.431138806665933,13.561607668516427,4.440751119860486,0.7080843165276012,637,0.034711445551123044,615,False,uttarakhand,dehradun
28,2,205,0.743900180527961,28.036077542069258,39.81826346123327,31.564599824827756,20.7459692769162,17.585820812649487,3.8500459435071765,0.6859138030175688,638,0.05798637751039226,638,False,himachal pradesh,hamirpur
595,32,198,0.7444927545836819,28.89227093674476,70.97799205138976,53.73987171656584,22.750750807121737,14.174893149686627,4.553631026815004,0.7838350017335471,639,-0.03934224714986523,490,True,kerala,ernakulam
892,36,199,0.7460850448078726,32.81613199660392,54.52401540606669,16.459430592251575,41.6460285272548,18.732272168021925,3.4384651457073585,0.6672960468787263,640,0.07878899792914629,658,False,telangana,khammam
74,6,360,0.7464119012345087,31.518967891193622,38.4706231294588,14.722577033548536,13.917601006756483,15.186684474623489,4.248514453737211,0.6196369933824226,641,0.12677490785208612,683,False,haryana,karnal
840,7,330,0.7472860800652551,32.44932266137884,35.880735285823235,11.894810108562966,38.88150070006555,18.38024857181509,4.174992927462377,0.8067709603314628,642,-0.059484880266207685,439,True,nct of delhi,north
619,33,205,0.7476097316739702,31.136235943467494,25.57213140333692,28.251962754535068,16.55583337093803,23.50513694425564,2.8829309822410205,0.7725154212553751,643,-0.024905689581404933,519,True,tamil nadu,thiruvarur
908,36,204,0.7476187088688663,32.993354309985655,54.87663211037855,13.37245290205403,65.87809389325442,24.748520642844767,3.4290114265212663,0.8058409869816161,644,-0.058222278112749826,442,True,telangana,suryapet
258,12,340,0.7503406864090725,26.421349358641194,,48.475136031463094,16.589689728875676,15.205618738406988,2.7800068424502755,0.5763362048737701,645,0.17400448153530235,696,False,arunachal pradesh,lower dibang valley
615,33,184,0.7504631648366223,31.941882647570893,54.987322057488285,24.306289169716024,16.41443030901185,20.464434590494317,3.39213783475621,0.7768936103366243,646,-0.026430445500001953,512,True,tamil nadu,perambalur
111,8,490,0.7507121842169819,31.95144879777247,36.409866461619046,10.016099819020704,25.346143706962792,19.867653989348447,3.6282978957416288,0.7063733550407911,647,0.04433882917619081,626,False,rajasthan,sikar
905,36,269,0.7509770687274201,30.600268713235522,50.09736157406064,10.739066837905925,57.16138198697184,17.94610689169833,3.9082285405722734,0.7423631886479429,648,0.008613880079477165,590,False,telangana,ranga reddy
83,6,260,0.7537943064451716,32.48543337507636,22.219684531873295,10.775491842119388,25.472679247573407,15.960399715736294,4.366613710947176,0.8046343428594714,649,-0.050840036414299794,460,True,haryana,jhajjar
242,11,307,0.7547305196543354,21.822014340890966,54.22089100177507,77.01785121593268,20.84184106059387,13.122815013176886,2.8384069976757447,0.6528058472049748,650,0.10192467244936054,668,False,sikkim,west district
70,6,338,0.7563600115641634,31.178162553357915,38.28070792548399,19.14262382364932,16.0412058930094,15.200862384829883,4.197558729168766,0.6578461278761174,651,0.09851388368804603,665,False,haryana,ambala
599,32,153,0.7570509922343048,28.47208426204988,79.1512312239676,66.17226587887616,31.645729949453997,14.937541618769377,3.8702777615246964,0.7331046440717623,652,0.023946348162542486,607,False,kerala,pathanamthitta
913,36,266,0.7592894571051607,32.06106607447218,53.60087685210735,11.42740714783311,81.60230025295387,20.933537807646047,3.601302098647851,0.7879498869290158,653,-0.028660429823855083,506,True,telangana,yadadri bhuvanagiri
85,6,311,0.7635808885416654,32.55587924948746,25.13745298895523,10.418126546601021,16.46310536836319,13.843564745690944,4.095481787214096,0.7888102830603544,654,-0.025229394518688997,518,True,haryana,rewari
870,27,211,0.7638053297310149,30.27745358020965,44.8729670912788,25.625680026578483,15.587765667495955,21.22484430619622,4.091523777643493,0.8135152150019382,655,-0.04970988527092335,465,True,maharashtra,thane
609,33,199,0.7646975666265619,30.807640516480944,46.65702814076443,21.6865850427961,18.72339681996884,19.218756721966688,3.713870570968201,0.8041335268314473,656,-0.03943596020488549,489,True,tamil nadu,namakkal
629,33,179,0.7671298014684927,28.68212007967818,69.63363077731726,37.92378935729631,22.888168801894974,15.363498242450934,4.142906691294923,0.826165702846185,657,-0.05903590137769221,441,True,tamil nadu,kanniyakumari
617,33,220,0.7683085257991795,31.234828848321094,55.91298803897255,25.424908039008233,22.72939634793588,22.023451694711166,3.220071196661223,0.7901633706178803,658,-0.021854844818700814,527,True,tamil nadu,cuddalore
245,12,223,0.7697378071719041,15.224789583221577,77.5221669440774,52.260881985827275,13.381435646925462,15.324331493682276,3.1776375392090084,0.6980369826049093,659,0.07170082456699478,648,False,arunachal pradesh,tawang
626,33,252,0.77143481851432,31.530779056697025,30.7482823410587,29.279136990498113,35.2856529002578,21.514638292730158,3.2814896196067482,0.7790088704830369,660,-0.007574051968716855,561,True,tamil nadu,ramanathapuram
575,29,273,0.772993142228182,28.948443995915135,61.26791706844478,41.36128716486662,21.770807699521242,14.192613001559991,3.8626742887037993,0.6502209847863011,661,0.12277215744188097,681,False,karnataka,dakshina kannada
885,36,187,0.7749808706585377,31.111248588475153,50.144510055124485,11.125653064519508,22.392156934599015,14.122517038493879,4.41267505441768,0.8276312014902003,662,-0.052650330831662595,456,True,telangana,hyderabad
809,12,311,0.7760531168285852,23.953692787653814,46.94306520197162,48.85933475135067,12.97333370269934,13.587090276841412,2.871698175878707,0.5968505009919302,663,0.1792026158366551,697,False,arunachal pradesh,west siang
628,33,204,0.7809813713830426,30.306484976553683,47.189983285454936,35.99510161424036,20.4142871708784,18.318571803877937,3.4941869780231563,0.7893189555836069,664,-0.008337584200564296,556,True,tamil nadu,tirunelveli
76,6,305,0.7849246529580834,32.173283706228375,29.907679848822987,12.077316966723053,24.098933822089357,15.203036736388608,4.167027315071696,0.7185277963680734,665,0.06639685659001004,644,False,haryana,sonipat
624,33,287,0.7859234132888174,28.702942723625334,50.06093865643899,40.04770097384842,18.44619182018823,19.560424634020343,3.622495570360616,0.7289039574974934,666,0.05701945579132406,637,False,tamil nadu,theni
521,27,239,0.7859943300437612,28.546373579771437,59.47504004593485,14.401055608484812,21.804615765774958,19.08893818882811,4.049150448751998,0.6740858071837241,667,0.11190852286003705,674,False,maharashtra,pune
842,7,284,0.7929182666219543,32.53139236740471,34.77601486484677,11.698927082866751,16.010560767911336,13.56797646362905,4.599434270200683,0.884807515955074,668,-0.0918892493331197,335,True,nct of delhi,north west
912,36,219,0.7978920689804472,32.655496235571285,55.11407636948471,14.228584574527689,50.187502160502326,16.02028115913744,3.8241798668597253,0.7781359722177991,669,0.019756096762648112,601,False,telangana,warangal urban
246,12,360,0.7991431299707819,20.36301253353322,53.066776661439214,57.33667780826984,13.863384412783715,13.839705310592029,3.3727254205480315,0.6842044320705607,670,0.11493869790022115,675,False,arunachal pradesh,west kameng
614,33,219,0.7991780140875223,31.19822666767695,68.84838171669689,24.275383058923314,18.116880858147457,20.180210091847993,3.425197314509824,0.8035078962437524,671,-0.0043298821562300915,569,True,tamil nadu,tiruchirappalli
286,15,282,0.7994753467233311,24.979401914130317,75.92430350508097,79.23547552795542,14.805016523811178,12.531081958415452,3.284140992131515,0.6918700991025691,672,0.10760524762076196,672,False,mizoram,lunglei
606,33,209,0.8023753267792161,31.120521358149922,47.87331456654398,20.65891657618248,20.217770473219545,23.06110413194993,3.3446013278211804,0.73059440326957,673,0.07178092350964604,649,False,tamil nadu,tiruvannamalai
601,32,157,0.8035810667487949,28.453271118655472,81.72164992970478,51.98461012324361,26.767411282739147,14.482891117280872,4.0772973833818735,0.7414854285679389,674,0.06209563818085606,642,False,kerala,thiruvananthapuram
255,12,327,0.8055285130421759,22.283594602054144,,55.29437854989661,13.83020127105044,15.279384075492693,3.034213681980614,0.6097358182545638,675,0.19579269478761208,698,False,arunachal pradesh,lower subansiri
841,7,352,0.8063884410577191,32.50025459005436,16.913165134390454,12.036169522020113,21.301780666495322,13.11665571881017,4.706325035969367,0.8190552880392044,676,-0.012666846981485236,550,True,nct of delhi,north east
895,36,288,0.8070650808422256,30.894869401643803,46.233956388527986,10.40853904240568,38.83096739769318,22.55992449905412,3.1966655069166277,0.6740266072350046,677,0.133038473607221,686,False,telangana,mahabubnagar
866,6,297,0.8085247007789697,32.597774013655766,27.282676914628716,9.676153958051113,26.715760851467437,15.829008729144405,4.132438237732695,0.7868277411338706,678,0.0216969596450991,605,False,haryana,charkhi dadri
639,35,205,0.8089266610412666,27.9790012811428,,68.82264318746525,17.256283897995186,16.03394847167874,2.547791880018261,0.6824036466186293,679,0.12652301442263736,682,False,andaman & nicobar islands,north  & middle andaman
602,33,198,0.8122155436611229,31.737828699671645,50.073091913862314,16.02620733984339,36.32668962034354,18.124442421294447,4.083592356580557,0.7623347899417727,680,0.04988075371935019,634,False,tamil nadu,thiruvallur
865,6,346,0.8131697024858507,32.58470346627487,28.8999657337714,9.553935705683967,19.978917422729623,15.510877786884194,3.9570757359097257,0.7655479478468012,681,0.047621754639049496,632,False,haryana,bhiwani
603,33,183,0.8155204429563933,31.892387629251523,,16.29540940386752,44.33693729170439,14.053258369865187,4.639588870829311,0.88529983515269,682,-0.0697793921962967,406,True,tamil nadu,chennai
248,12,327,0.8169716217532459,26.451828867627572,51.551182520582834,56.09277310529086,18.072086713957574,13.694499981819568,3.229265590162997,0.6103491426953516,683,0.20662247905789433,702,False,arunachal pradesh,papum pare
900,36,224,0.8231413634837251,32.86746888935342,58.31697483784926,11.198473225816162,57.282654676170495,21.623995812576037,3.518566463151328,0.7510316571837485,684,0.0721097062999766,650,False,telangana,nalgonda
909,36,273,0.8319409263243026,30.615516960763408,45.59525686097854,11.175498935070152,28.40074239007334,22.106876485745097,2.8014712445281096,0.6205593167007718,685,0.2113816096235308,703,False,telangana,vikarabad
844,7,299,0.8332142010759337,32.38661959888096,26.410360162129994,11.727608485473779,25.43095455665432,12.903615532721718,4.79797004671286,0.8326002633582906,686,0.0006139377176430649,579,False,nct of delhi,south
604,33,222,0.8381185814863644,31.639855363801175,53.56721205123658,18.03914615827464,35.17008999506175,18.466202228341213,3.8288696078888482,0.7992921703884861,687,0.03882641109787832,621,False,tamil nadu,kancheepuram
284,15,186,0.8406167637384391,21.668820133367333,79.78045758049791,91.96771391462278,17.35785850408967,12.324360510647647,3.2138190214746545,0.7182183944033557,688,0.12239836933508341,680,False,mizoram,champhai
910,36,293,0.8409065446309257,31.069075487681364,46.97105487390396,9.995744851420273,46.18993431654753,26.968063235706683,3.2998513020093605,0.709320345397822,689,0.13158619923310377,685,False,telangana,wanaparthy
632,33,200,0.8432887825310484,28.662509551822367,,29.831599596372453,14.250610198882054,15.571922130666055,3.8627708169857686,0.7460587164633999,690,0.0972300660676485,663,False,tamil nadu,coimbatore
282,15,236,0.8468323536148195,26.417148724407237,74.51254686640506,82.55321126763988,16.3898883171328,12.998503248888154,3.4765764929120615,0.6804652147666025,691,0.16636713884821697,692,False,mizoram,kolasib
837,7,300,0.847677079923134,32.46875329393503,34.40190825314881,11.895057609024997,22.874709252321747,18.581806776986138,4.482882668282028,0.8170562701040884,692,0.03062080981904558,612,False,nct of delhi,central
637,34,270,0.8489671363267104,31.164956532194232,,28.82318235110281,18.393717297893453,17.80689521033032,3.6727909657945683,0.789227893151648,693,0.059739243175062406,641,False,puducherry,karaikal
635,34,209,0.8501800592041211,30.9059700190794,,23.40081222379891,21.90930987905216,15.163913899178244,4.1178456727382144,0.8416604204776806,694,0.00851963872644046,589,False,puducherry,puducherry
839,7,282,0.8514158470065982,32.49839305218825,38.20614870574892,11.655893969824975,34.47697801992821,20.10032762259645,4.333666062370491,0.8066598471708958,695,0.04475599983570244,627,False,nct of delhi,new delhi
846,7,316,0.8515442860199032,32.61755873084307,36.68730795937897,11.502147758518628,18.29286118854207,12.328186789033456,4.640773739311705,0.8645708789156195,696,-0.013026592895716282,549,True,nct of delhi,south west
891,36,206,0.8627745642290595,32.747076533499666,57.77782759484721,14.289545759239363,53.370766881771814,21.609807146052276,3.7950011601895497,0.7418177298501955,697,0.12095683437886406,678,False,telangana,karimnagar
519,27,199,0.864075154280965,29.28413132533586,44.51101845585073,26.02413663142985,13.440009753078398,17.540409210105306,4.331464568272859,0.8441229718431923,698,0.019952182437772747,603,False,maharashtra,mumbai
285,15,233,0.8706765358538666,23.286208966860993,72.90665952583882,85.37731796620385,17.161018630138386,12.776042138562774,3.479318601216757,0.6661052526646742,699,0.20457128318919238,700,False,mizoram,serchhip
847,7,334,0.873951358570401,32.573787457342725,38.34309864390445,11.624173378885768,17.04354474741733,15.321899198014634,4.418021621729924,0.8383579457120691,700,0.03559341285833184,617,False,nct of delhi,west
518,27,150,0.8795712280434406,29.20789688012772,39.758569356163186,26.97176238049887,15.156154875135964,22.877748145146597,4.149792709090955,0.8409810348989509,701,0.03859019314448964,620,False,maharashtra,mumbai suburban
633,33,191,0.8823726551042456,29.966850952937698,,22.114798212469736,16.415109904346004,17.606678273729646,3.6904578220094604,0.7842919212905642,702,0.09808073381368132,664,False,tamil nadu,tiruppur
887,36,222,0.9163639185091739,32.3199794707101,56.197805129572586,12.637087013723606,66.12356478277448,24.664043576983467,3.389435297446689,0.7779649324285862,703,0.13839898608058765,689,False,telangana,jangoan
283,15,232,0.9249074533190766,23.950795847371225,65.71520641853695,92.19590698651548,17.903945697674853,15.56035507098777,4.1214523878641,0.7101439279677979,704,0.21476352535127874,704,False,mizoram,aizawl
898,36,225,0.9426208024287018,30.94744345912332,51.35834094199812,11.43810974921303,61.047376485241834,15.040461988237526,4.362266576110046,0.8011180253291591,705,0.14150277709954273,690,False,telangana,medchal-malkajgiri
640,35,211,0.9500520483203306,27.816697395242247,,64.03619931963316,17.98968185669955,14.443834170141653,3.737617646432677,0.709531727044973,706,0.2405203212753576,706,False,andaman & nicobar islands,south andaman
638,35,181,0.9766648349784608,27.984375437233048,,50.215717785901305,46.54739744242055,13.0424096875954,2.685042162748889,0.5988387651313516,707,0.3778260698471092,707,False,andaman & nicobar islands,nicobars
